canonical_smiles,casrn,inchi,inchikey,isomeric_smiles,molecular_formula,molecular_weight,pubchem_cid,resolution_note,resolved,source_url,title
CC(C)CC(C)NC1=CC=C(C=C1)NC2=CC=CC=C2,793-24-8,"InChI=1S/C18H24N2/c1-14(2)13-15(3)19-17-9-11-18(12-10-17)20-16-7-5-4-6-8-16/h4-12,14-15,19-20H,13H2,1-3H3",ZZMVLMVFYMGSMY-UHFFFAOYSA-N,CC(C)CC(C)NC1=CC=C(C=C1)NC2=CC=CC=C2,C18H24N2,268.4,13101,,True,"https://pubchem.ncbi.nlm.nih.gov/rest/pug/compound/name/793-24-8/property/Title,MolecularFormula,MolecularWeight,CanonicalSMILES,IsomericSMILES,InChI,InChIKey/JSON","1,4-Benzenediamine, N-(1,3-dimethylbutyl)-N'-phenyl-"
CC(C)CCC(C)NC1=CC=C(C=C1)NC2=CC=CC=C2,3081-01-4,"InChI=1S/C19H26N2/c1-15(2)9-10-16(3)20-18-11-13-19(14-12-18)21-17-7-5-4-6-8-17/h4-8,11-16,20-21H,9-10H2,1-3H3",UHJVLUYSDYOULM-UHFFFAOYSA-N,CC(C)CCC(C)NC1=CC=C(C=C1)NC2=CC=CC=C2,C19H26N2,282.4,92190,,True,"https://pubchem.ncbi.nlm.nih.gov/rest/pug/compound/name/3081-01-4/property/Title,MolecularFormula,MolecularWeight,CanonicalSMILES,IsomericSMILES,InChI,InChIKey/JSON",N-(5-Methyl-2-hexyl)-N'-phenyl-p-phenylenediamine
CC(C)NC1=CC=C(C=C1)NC2=CC=CC=C2,101-72-4,"InChI=1S/C15H18N2/c1-12(2)16-14-8-10-15(11-9-14)17-13-6-4-3-5-7-13/h3-12,16-17H,1-2H3",OUBMGJOQLXMSNT-UHFFFAOYSA-N,CC(C)NC1=CC=C(C=C1)NC2=CC=CC=C2,C15H18N2,226.32,7573,,True,"https://pubchem.ncbi.nlm.nih.gov/rest/pug/compound/name/101-72-4/property/Title,MolecularFormula,MolecularWeight,CanonicalSMILES,IsomericSMILES,InChI,InChIKey/JSON",N-isopropyl-N'-phenyl-p-phenylenediamine
CC(C)CCC(C)NC1=CC=C(C=C1)NC(C)CCC(C)C,3081-14-9,"InChI=1S/C20H36N2/c1-15(2)7-9-17(5)21-19-11-13-20(14-12-19)22-18(6)10-8-16(3)4/h11-18,21-22H,7-10H2,1-6H3",ZJNLYGOUHDJHMG-UHFFFAOYSA-N,CC(C)CCC(C)NC1=CC=C(C=C1)NC(C)CCC(C)C,C20H36N2,304.5,18320,,True,"https://pubchem.ncbi.nlm.nih.gov/rest/pug/compound/name/3081-14-9/property/Title,MolecularFormula,MolecularWeight,CanonicalSMILES,IsomericSMILES,InChI,InChIKey/JSON","N,N'-bis(1,4-dimethylpentyl)-p-phenylenediamine"
CCCCCCCCC1=CC=C(C=C1)NC2=CC=C(C=C2)CCCCCCCC,101-67-7,"InChI=1S/C28H43N/c1-3-5-7-9-11-13-15-25-17-21-27(22-18-25)29-28-23-19-26(20-24-28)16-14-12-10-8-6-4-2/h17-24,29H,3-16H2,1-2H3",QAPVYZRWKDXNDK-UHFFFAOYSA-N,CCCCCCCCC1=CC=C(C=C1)NC2=CC=C(C=C2)CCCCCCCC,C28H43N,393.6,7569,,True,"https://pubchem.ncbi.nlm.nih.gov/rest/pug/compound/name/101-67-7/property/Title,MolecularFormula,MolecularWeight,CanonicalSMILES,IsomericSMILES,InChI,InChIKey/JSON","4,4'-Dioctyldiphenylamine"
,68953-84-4,,,,,,,HTTP Error 404: PUGREST.NotFound,False,"https://pubchem.ncbi.nlm.nih.gov/rest/pug/compound/name/68953-84-4/property/Title,MolecularFormula,MolecularWeight,CanonicalSMILES,IsomericSMILES,InChI,InChIKey/JSON",
C1CCC(CC1)NC2=CC=C(C=C2)NC3CCCCC3,4175-38-6,"InChI=1S/C18H28N2/c1-3-7-15(8-4-1)19-17-11-13-18(14-12-17)20-16-9-5-2-6-10-16/h11-16,19-20H,1-10H2",AIMXDOGPMWDCDF-UHFFFAOYSA-N,C1CCC(CC1)NC2=CC=C(C=C2)NC3CCCCC3,C18H28N2,272.4,77836,,True,"https://pubchem.ncbi.nlm.nih.gov/rest/pug/compound/name/4175-38-6/property/Title,MolecularFormula,MolecularWeight,CanonicalSMILES,IsomericSMILES,InChI,InChIKey/JSON","N1,N4-Dicyclohexyl-1,4-benzenediamine"
CC1=CC=CC=C1NC2=CC=C(C=C2)NC3=CC=CC=C3,27173-16-6,"InChI=1S/C19H18N2/c1-15-7-5-6-10-19(15)21-18-13-11-17(12-14-18)20-16-8-3-2-4-9-16/h2-14,20-21H,1H3",QFTSXPJTPSOVJG-UHFFFAOYSA-N,CC1=CC=CC=C1NC2=CC=C(C=C2)NC3=CC=CC=C3,C19H18N2,274.4,3015360,,True,"https://pubchem.ncbi.nlm.nih.gov/rest/pug/compound/name/27173-16-6/property/Title,MolecularFormula,MolecularWeight,CanonicalSMILES,IsomericSMILES,InChI,InChIKey/JSON","1,4-Benzenediamine, N-(2-methylphenyl)-N'-phenyl-"
,1034343-98-0,,,,,,,HTTP Error 404: PUGREST.NotFound,False,"https://pubchem.ncbi.nlm.nih.gov/rest/pug/compound/name/1034343-98-0/property/Title,MolecularFormula,MolecularWeight,CanonicalSMILES,IsomericSMILES,InChI,InChIKey/JSON",
CC(=O)NC1=C2C(=C(C=C1)S(=O)(=O)[O-])C=C(C(=C2O)N=NC3=CC=CC=C3)S(=O)(=O)[O-].[Na+].[Na+],9005-53-2,"InChI=1S/C18H15N3O8S2.2Na/c1-10(22)19-13-7-8-14(30(24,25)26)12-9-15(31(27,28)29)17(18(23)16(12)13)21-20-11-5-3-2-4-6-11;;/h2-9,23H,1H3,(H,19,22)(H,24,25,26)(H,27,28,29);;/q;2*+1/p-2",RLLNZXVKBYGKIP-UHFFFAOYSA-L,CC(=O)NC1=C2C(=C(C=C1)S(=O)(=O)[O-])C=C(C(=C2O)N=NC3=CC=CC=C3)S(=O)(=O)[O-].[Na+].[Na+],C18H13N3Na2O8S2,509.4,175586,,True,"https://pubchem.ncbi.nlm.nih.gov/rest/pug/compound/name/9005-53-2/property/Title,MolecularFormula,MolecularWeight,CanonicalSMILES,IsomericSMILES,InChI,InChIKey/JSON",Lignin
CCCCCCCCOC(=O)C1=CC(=C(C(=C1)O)O)O,1034-01-1,"InChI=1S/C15H22O5/c1-2-3-4-5-6-7-8-20-15(19)11-9-12(16)14(18)13(17)10-11/h9-10,16-18H,2-8H2,1H3",NRPKURNSADTHLJ-UHFFFAOYSA-N,CCCCCCCCOC(=O)C1=CC(=C(C(=C1)O)O)O,C15H22O5,282.33,61253,,True,"https://pubchem.ncbi.nlm.nih.gov/rest/pug/compound/name/1034-01-1/property/Title,MolecularFormula,MolecularWeight,CanonicalSMILES,IsomericSMILES,InChI,InChIKey/JSON",Octyl Gallate
CCCCCCCCSCC1=CC(=C(C(=C1)C)O)CSCCCCCCCC,110553-27-0,"InChI=1S/C25H44OS2/c1-4-6-8-10-12-14-16-27-20-23-18-22(3)25(26)24(19-23)21-28-17-15-13-11-9-7-5-2/h18-19,26H,4-17,20-21H2,1-3H3",GAODDBNJCKQQDY-UHFFFAOYSA-N,CCCCCCCCSCC1=CC(=C(C(=C1)C)O)CSCCCCCCCC,C25H44OS2,424.8,113646,,True,"https://pubchem.ncbi.nlm.nih.gov/rest/pug/compound/name/110553-27-0/property/Title,MolecularFormula,MolecularWeight,CanonicalSMILES,IsomericSMILES,InChI,InChIKey/JSON","2-Methyl-4,6-bis[(octylthio)methyl]phenol"
CCCCCCCCCCCCCCCCCCOC(=O)CCC1=CC(=C(C(=C1)C(C)(C)C)O)C(C)(C)C,2082-79-3,"InChI=1S/C35H62O3/c1-8-9-10-11-12-13-14-15-16-17-18-19-20-21-22-23-26-38-32(36)25-24-29-27-30(34(2,3)4)33(37)31(28-29)35(5,6)7/h27-28,37H,8-26H2,1-7H3",SSDSCDGVMJFTEQ-UHFFFAOYSA-N,CCCCCCCCCCCCCCCCCCOC(=O)CCC1=CC(=C(C(=C1)C(C)(C)C)O)C(C)(C)C,C35H62O3,530.9,16386,,True,"https://pubchem.ncbi.nlm.nih.gov/rest/pug/compound/name/2082-79-3/property/Title,MolecularFormula,MolecularWeight,CanonicalSMILES,IsomericSMILES,InChI,InChIKey/JSON",Octadecyl DI-tert-butyl-4-hydroxyhydrocinnamate
CC(C)CCC(C)NC1=CC=C(C=C1)NC2=NC(=NC(=N2)NC3=CC=C(C=C3)NC(C)CCC(C)C)NC4=CC=C(C=C4)NC(C)CCC(C)C,121246-28-4,"InChI=1S/C42H63N9/c1-28(2)10-13-31(7)43-34-16-22-37(23-17-34)46-40-49-41(47-38-24-18-35(19-25-38)44-32(8)14-11-29(3)4)51-42(50-40)48-39-26-20-36(21-27-39)45-33(9)15-12-30(5)6/h16-33,43-45H,10-15H2,1-9H3,(H3,46,47,48,49,50,51)",BONQQGMOTXODRC-UHFFFAOYSA-N,CC(C)CCC(C)NC1=CC=C(C=C1)NC2=NC(=NC(=N2)NC3=CC=C(C=C3)NC(C)CCC(C)C)NC4=CC=C(C=C4)NC(C)CCC(C)C,C42H63N9,694.0,10985333,,True,"https://pubchem.ncbi.nlm.nih.gov/rest/pug/compound/name/121246-28-4/property/Title,MolecularFormula,MolecularWeight,CanonicalSMILES,IsomericSMILES,InChI,InChIKey/JSON","N2,N4,N6-tris(4-((1,4-dimethylpentyl)amino)phenyl)-1,3,5-triazine-2,4,6-triamine"
C1CC(CC=C1)C2OCC3(CO2)COC(OC3)C4CCC=CC4,6600-31-3,"InChI=1S/C19H28O4/c1-3-7-15(8-4-1)17-20-11-19(12-21-17)13-22-18(23-14-19)16-9-5-2-6-10-16/h1-3,5,15-18H,4,6-14H2",WKTJXDHLMJKSGI-UHFFFAOYSA-N,C1CC(CC=C1)C2OCC3(CO2)COC(OC3)C4CCC=CC4,C19H28O4,320.4,98143,,True,"https://pubchem.ncbi.nlm.nih.gov/rest/pug/compound/name/6600-31-3/property/Title,MolecularFormula,MolecularWeight,CanonicalSMILES,IsomericSMILES,InChI,InChIKey/JSON","3,9-Di-3-cyclohexen-1-yl-2,4,8,10-tetraoxaspiro[5.5]undecane"
,26780-96-1,,,,,,,HTTP Error 404: PUGREST.NotFound,False,"https://pubchem.ncbi.nlm.nih.gov/rest/pug/compound/name/26780-96-1/property/Title,MolecularFormula,MolecularWeight,CanonicalSMILES,IsomericSMILES,InChI,InChIKey/JSON",
CCOC1=CC2=C(C=C1)NC(C=C2C)(C)C,91-53-2,"InChI=1S/C14H19NO/c1-5-16-11-6-7-13-12(8-11)10(2)9-14(3,4)15-13/h6-9,15H,5H2,1-4H3",DECIPOUIJURFOJ-UHFFFAOYSA-N,CCOC1=CC2=C(C=C1)NC(C=C2C)(C)C,C14H19NO,217.31,3293,,True,"https://pubchem.ncbi.nlm.nih.gov/rest/pug/compound/name/91-53-2/property/Title,MolecularFormula,MolecularWeight,CanonicalSMILES,IsomericSMILES,InChI,InChIKey/JSON",Ethoxyquin
CCCCCCCCCCCCOC(=O)CCSCCC(=O)OCCCCCCCCCCCC,123-28-4,"InChI=1S/C30H58O4S/c1-3-5-7-9-11-13-15-17-19-21-25-33-29(31)23-27-35-28-24-30(32)34-26-22-20-18-16-14-12-10-8-6-4-2/h3-28H2,1-2H3",GHKOFFNLGXMVNJ-UHFFFAOYSA-N,CCCCCCCCCCCCOC(=O)CCSCCC(=O)OCCCCCCCCCCCC,C30H58O4S,514.8,31250,,True,"https://pubchem.ncbi.nlm.nih.gov/rest/pug/compound/name/123-28-4/property/Title,MolecularFormula,MolecularWeight,CanonicalSMILES,IsomericSMILES,InChI,InChIKey/JSON","Propanoic acid, 3,3'-thiobis-, didodecyl ester"
CCCCN(CCCC)C(=S)[S-].CCCCN(CCCC)C(=S)[S-].[Ni+2],13927-77-0,"InChI=1S/2C9H19NS2.Ni/c2*1-3-5-7-10(9(11)12)8-6-4-2;/h2*3-8H2,1-2H3,(H,11,12);/q;;+2/p-2",HPOWMHUJHHIQGP-UHFFFAOYSA-L,CCCCN(CCCC)C(=S)[S-].CCCCN(CCCC)C(=S)[S-].[Ni+2],C18H36N2NiS4,467.5,6101499,,True,"https://pubchem.ncbi.nlm.nih.gov/rest/pug/compound/name/13927-77-0/property/Title,MolecularFormula,MolecularWeight,CanonicalSMILES,IsomericSMILES,InChI,InChIKey/JSON",Nickel bis(dibutyldithiocarbamate)
,61788-44-1,,,,,,,HTTP Error 404: PUGREST.NotFound,False,"https://pubchem.ncbi.nlm.nih.gov/rest/pug/compound/name/61788-44-1/property/Title,MolecularFormula,MolecularWeight,CanonicalSMILES,IsomericSMILES,InChI,InChIKey/JSON",
