species,fish_hatch_date,exposure_chemical,exposure_start,tank_replicate,fish_id,nominal_conc,time_of_death,mass_g,length_cm,mortality,initial_or_final,fish_nofish,measured_conc,flags
coho,2024-12-25,IPPDQ,2025-05-06 10:00,1,1,0,,,,0,init,fish,0,<LOD
coho,2024-12-25,IPPDQ,2025-05-06 10:00,1,2,0,,,,0,init,fish,0,<LOD
coho,2024-12-25,IPPDQ,2025-05-06 10:00,1,3,0,,,,0,init,fish,0,<LOD
coho,2024-12-25,IPPDQ,2025-05-06 10:00,1,4,0,,,,0,init,fish,0,<LOD
coho,2024-12-25,IPPDQ,2025-05-06 10:00,1,5,0,,,,0,init,fish,0,<LOD
coho,2024-12-25,IPPDQ,2025-05-06 10:00,1,6,0,,,,0,init,fish,0,<LOD
coho,2024-12-25,IPPDQ,2025-05-06 10:00,1,7,0,,,,0,init,fish,0,<LOD
coho,2024-12-25,IPPDQ,2025-05-06 10:00,1,8,0,,,,0,init,fish,0,<LOD
coho,2024-12-25,IPPDQ,2025-05-06 10:00,2,1,0,,,,0,init,fish,0,<LOD
coho,2024-12-25,IPPDQ,2025-05-06 10:00,2,2,0,,,,0,init,fish,0,<LOD
coho,2024-12-25,IPPDQ,2025-05-06 10:00,2,3,0,,,,0,init,fish,0,<LOD
coho,2024-12-25,IPPDQ,2025-05-06 10:00,2,4,0,,,,0,init,fish,0,<LOD
coho,2024-12-25,IPPDQ,2025-05-06 10:00,2,5,0,,,,0,init,fish,0,<LOD
coho,2024-12-25,IPPDQ,2025-05-06 10:00,2,6,0,,,,0,init,fish,0,<LOD
coho,2024-12-25,IPPDQ,2025-05-06 10:00,2,7,0,,,,0,init,fish,0,<LOD
coho,2024-12-25,IPPDQ,2025-05-06 10:00,2,8,0,,,,0,init,fish,0,<LOD
coho,2024-12-25,IPPDQ,2025-05-06 10:00,3,1,0,,,,0,,,,
coho,2024-12-25,IPPDQ,2025-05-06 10:00,3,2,0,,,,0,,,,
coho,2024-12-25,IPPDQ,2025-05-06 10:00,3,3,0,,,,0,,,,
coho,2024-12-25,IPPDQ,2025-05-06 10:00,3,4,0,,,,0,,,,
coho,2024-12-25,IPPDQ,2025-05-06 10:00,3,5,0,,,,0,,,,
coho,2024-12-25,IPPDQ,2025-05-06 10:00,3,6,0,,,,0,,,,
coho,2024-12-25,IPPDQ,2025-05-06 10:00,3,7,0,,,,0,,,,
coho,2024-12-25,IPPDQ,2025-05-06 10:00,3,8,0,,,,0,,,,
coho,2024-12-25,IPPDQ,2025-05-06 10:00,1,1,0.1,,,,0,,,,
coho,2024-12-25,IPPDQ,2025-05-06 10:00,1,2,0.1,,,,0,,,,
coho,2024-12-25,IPPDQ,2025-05-06 10:00,1,3,0.1,,,,0,,,,
coho,2024-12-25,IPPDQ,2025-05-06 10:00,1,4,0.1,,,,0,,,,
coho,2024-12-25,IPPDQ,2025-05-06 10:00,1,5,0.1,,,,0,,,,
coho,2024-12-25,IPPDQ,2025-05-06 10:00,1,6,0.1,,,,0,,,,
coho,2024-12-25,IPPDQ,2025-05-06 10:00,1,7,0.1,,,,0,,,,
coho,2024-12-25,IPPDQ,2025-05-06 10:00,1,8,0.1,,,,0,,,,
coho,2024-12-25,IPPDQ,2025-05-06 10:00,2,1,0.1,,,,0,,,,
coho,2024-12-25,IPPDQ,2025-05-06 10:00,2,2,0.1,,,,0,,,,
coho,2024-12-25,IPPDQ,2025-05-06 10:00,2,3,0.1,,,,0,,,,
coho,2024-12-25,IPPDQ,2025-05-06 10:00,2,4,0.1,,,,0,,,,
coho,2024-12-25,IPPDQ,2025-05-06 10:00,2,5,0.1,,,,0,,,,
coho,2024-12-25,IPPDQ,2025-05-06 10:00,2,6,0.1,,,,0,,,,
coho,2024-12-25,IPPDQ,2025-05-06 10:00,2,7,0.1,,,,0,,,,
coho,2024-12-25,IPPDQ,2025-05-06 10:00,2,8,0.1,,,,0,,,,
coho,2024-12-25,IPPDQ,2025-05-06 10:00,3,1,0.1,,,,0,,,,
coho,2024-12-25,IPPDQ,2025-05-06 10:00,3,2,0.1,,,,0,,,,
coho,2024-12-25,IPPDQ,2025-05-06 10:00,3,3,0.1,,,,0,,,,
coho,2024-12-25,IPPDQ,2025-05-06 10:00,3,4,0.1,,,,0,,,,
coho,2024-12-25,IPPDQ,2025-05-06 10:00,3,5,0.1,,,,0,,,,
coho,2024-12-25,IPPDQ,2025-05-06 10:00,3,6,0.1,,,,0,,,,
coho,2024-12-25,IPPDQ,2025-05-06 10:00,3,7,0.1,,,,0,,,,
coho,2024-12-25,IPPDQ,2025-05-06 10:00,3,8,0.1,,,,0,,,,
coho,2024-12-25,IPPDQ,2025-05-06 10:00,1,1,0.3,,,,0,init,fish,0.494,
coho,2024-12-25,IPPDQ,2025-05-06 10:00,1,2,0.3,,,,0,init,fish,0.494,
coho,2024-12-25,IPPDQ,2025-05-06 10:00,1,3,0.3,,,,0,init,fish,0.494,
coho,2024-12-25,IPPDQ,2025-05-06 10:00,1,4,0.3,,,,0,init,fish,0.494,
coho,2024-12-25,IPPDQ,2025-05-06 10:00,1,5,0.3,,,,0,init,fish,0.494,
coho,2024-12-25,IPPDQ,2025-05-06 10:00,1,6,0.3,,,,0,init,fish,0.494,
coho,2024-12-25,IPPDQ,2025-05-06 10:00,1,7,0.3,,,,0,init,fish,0.494,
coho,2024-12-25,IPPDQ,2025-05-06 10:00,1,8,0.3,,,,0,init,fish,0.494,
coho,2024-12-25,IPPDQ,2025-05-06 10:00,2,1,0.3,,,,0,init,fish,0.437,E
coho,2024-12-25,IPPDQ,2025-05-06 10:00,2,2,0.3,,,,0,init,fish,0.437,E
coho,2024-12-25,IPPDQ,2025-05-06 10:00,2,3,0.3,,,,0,init,fish,0.437,E
coho,2024-12-25,IPPDQ,2025-05-06 10:00,2,4,0.3,,,,0,init,fish,0.437,E
coho,2024-12-25,IPPDQ,2025-05-06 10:00,2,5,0.3,,,,0,init,fish,0.437,E
coho,2024-12-25,IPPDQ,2025-05-06 10:00,2,6,0.3,,,,0,init,fish,0.437,E
coho,2024-12-25,IPPDQ,2025-05-06 10:00,2,7,0.3,,,,0,init,fish,0.437,E
coho,2024-12-25,IPPDQ,2025-05-06 10:00,2,8,0.3,,,,0,init,fish,0.437,E
coho,2024-12-25,IPPDQ,2025-05-06 10:00,3,1,0.3,,,,0,,,,
coho,2024-12-25,IPPDQ,2025-05-06 10:00,3,2,0.3,,,,0,,,,
coho,2024-12-25,IPPDQ,2025-05-06 10:00,3,3,0.3,,,,0,,,,
coho,2024-12-25,IPPDQ,2025-05-06 10:00,3,4,0.3,,,,0,,,,
coho,2024-12-25,IPPDQ,2025-05-06 10:00,3,5,0.3,,,,0,,,,
coho,2024-12-25,IPPDQ,2025-05-06 10:00,3,6,0.3,,,,0,,,,
coho,2024-12-25,IPPDQ,2025-05-06 10:00,3,7,0.3,,,,0,,,,
coho,2024-12-25,IPPDQ,2025-05-06 10:00,3,8,0.3,,,,0,,,,
coho,2024-12-25,IPPDQ,2025-05-06 10:00,1,1,0.5,2025-05-07 10:00,,,1,init,fish,0.61,
coho,2024-12-25,IPPDQ,2025-05-06 10:00,1,2,0.5,,,,0,init,fish,0.61,
coho,2024-12-25,IPPDQ,2025-05-06 10:00,1,3,0.5,,,,0,init,fish,0.61,
coho,2024-12-25,IPPDQ,2025-05-06 10:00,1,4,0.5,,,,0,init,fish,0.61,
coho,2024-12-25,IPPDQ,2025-05-06 10:00,1,5,0.5,,,,0,init,fish,0.61,
coho,2024-12-25,IPPDQ,2025-05-06 10:00,1,6,0.5,,,,0,init,fish,0.61,
coho,2024-12-25,IPPDQ,2025-05-06 10:00,1,7,0.5,,,,0,init,fish,0.61,
coho,2024-12-25,IPPDQ,2025-05-06 10:00,1,8,0.5,,,,0,init,fish,0.61,
coho,2024-12-25,IPPDQ,2025-05-06 10:00,2,1,0.5,2025-05-06 16:13,0.91,4.5,1,init,fish,0.457,
coho,2024-12-25,IPPDQ,2025-05-06 10:00,2,2,0.5,,,,0,init,fish,0.457,
coho,2024-12-25,IPPDQ,2025-05-06 10:00,2,3,0.5,,,,0,init,fish,0.457,
coho,2024-12-25,IPPDQ,2025-05-06 10:00,2,4,0.5,,,,0,init,fish,0.457,
coho,2024-12-25,IPPDQ,2025-05-06 10:00,2,5,0.5,,,,0,init,fish,0.457,
coho,2024-12-25,IPPDQ,2025-05-06 10:00,2,6,0.5,,,,0,init,fish,0.457,
coho,2024-12-25,IPPDQ,2025-05-06 10:00,2,7,0.5,,,,0,init,fish,0.457,
coho,2024-12-25,IPPDQ,2025-05-06 10:00,2,8,0.5,,,,0,init,fish,0.457,
coho,2024-12-25,IPPDQ,2025-05-06 10:00,3,1,0.5,2025-05-07 08:50,,,1,init,fish,0.513,
coho,2024-12-25,IPPDQ,2025-05-06 10:00,3,2,0.5,,,,0,init,fish,0.513,
coho,2024-12-25,IPPDQ,2025-05-06 10:00,3,3,0.5,,,,0,init,fish,0.513,
coho,2024-12-25,IPPDQ,2025-05-06 10:00,3,4,0.5,,,,0,init,fish,0.513,
coho,2024-12-25,IPPDQ,2025-05-06 10:00,3,5,0.5,,,,0,init,fish,0.513,
coho,2024-12-25,IPPDQ,2025-05-06 10:00,3,6,0.5,,,,0,init,fish,0.513,
coho,2024-12-25,IPPDQ,2025-05-06 10:00,3,7,0.5,,,,0,init,fish,0.513,
coho,2024-12-25,IPPDQ,2025-05-06 10:00,3,8,0.5,,,,0,init,fish,0.513,
coho,2024-12-25,IPPDQ,2025-05-06 10:00,1,1,0.75,2025-05-06 19:00,,,1,init,fish,0.661,
coho,2024-12-25,IPPDQ,2025-05-06 10:00,1,2,0.75,2025-05-06 19:00,,,1,init,fish,0.661,
coho,2024-12-25,IPPDQ,2025-05-06 10:00,1,3,0.75,2025-05-06 19:00,,,1,init,fish,0.661,
coho,2024-12-25,IPPDQ,2025-05-06 10:00,1,4,0.75,2025-05-07 06:40,,,1,init,fish,0.661,
coho,2024-12-25,IPPDQ,2025-05-06 10:00,1,5,0.75,2025-05-07 06:40,,,1,init,fish,0.661,
coho,2024-12-25,IPPDQ,2025-05-06 10:00,1,6,0.75,,,,0,init,fish,0.661,
coho,2024-12-25,IPPDQ,2025-05-06 10:00,1,7,0.75,,,,0,init,fish,0.661,
coho,2024-12-25,IPPDQ,2025-05-06 10:00,1,8,0.75,,,,0,init,fish,0.661,
coho,2024-12-25,IPPDQ,2025-05-06 10:00,2,1,0.75,2025-05-06 19:00,,,1,init,fish,0.809,
coho,2024-12-25,IPPDQ,2025-05-06 10:00,2,2,0.75,,,,0,init,fish,0.809,
coho,2024-12-25,IPPDQ,2025-05-06 10:00,2,3,0.75,,,,0,init,fish,0.809,
coho,2024-12-25,IPPDQ,2025-05-06 10:00,2,4,0.75,,,,0,init,fish,0.809,
coho,2024-12-25,IPPDQ,2025-05-06 10:00,2,5,0.75,,,,0,init,fish,0.809,
coho,2024-12-25,IPPDQ,2025-05-06 10:00,2,6,0.75,,,,0,init,fish,0.809,
coho,2024-12-25,IPPDQ,2025-05-06 10:00,2,7,0.75,,,,0,init,fish,0.809,
coho,2024-12-25,IPPDQ,2025-05-06 10:00,2,8,0.75,,,,0,init,fish,0.809,
coho,2024-12-25,IPPDQ,2025-05-06 10:00,3,1,0.75,2025-05-06 19:00,,,1,,,,
coho,2024-12-25,IPPDQ,2025-05-06 10:00,3,2,0.75,2025-05-07 06:40,,,1,,,,
coho,2024-12-25,IPPDQ,2025-05-06 10:00,3,3,0.75,2025-05-07 06:40,,,1,,,,
coho,2024-12-25,IPPDQ,2025-05-06 10:00,3,4,0.75,2025-05-07 06:40,,,1,,,,
coho,2024-12-25,IPPDQ,2025-05-06 10:00,3,5,0.75,2025-05-07 09:53,,,1,,,,
coho,2024-12-25,IPPDQ,2025-05-06 10:00,3,6,0.75,,,,0,,,,
coho,2024-12-25,IPPDQ,2025-05-06 10:00,3,7,0.75,,,,0,,,,
coho,2024-12-25,IPPDQ,2025-05-06 10:00,3,8,0.75,,,,0,,,,
coho,2024-12-25,IPPDQ,2025-05-06 10:00,1,1,1,2025-05-06 14:35,0.66,4.3,1,init,fish,0.964,
coho,2024-12-25,IPPDQ,2025-05-06 10:00,1,2,1,2025-05-06 19:00,,,1,init,fish,0.964,
coho,2024-12-25,IPPDQ,2025-05-06 10:00,1,3,1,2025-05-06 19:00,,,1,init,fish,0.964,
coho,2024-12-25,IPPDQ,2025-05-06 10:00,1,4,1,2025-05-07 06:40,,,1,init,fish,0.964,
coho,2024-12-25,IPPDQ,2025-05-06 10:00,1,5,1,,,,0,init,fish,0.964,
coho,2024-12-25,IPPDQ,2025-05-06 10:00,1,6,1,,,,0,init,fish,0.964,
coho,2024-12-25,IPPDQ,2025-05-06 10:00,1,7,1,,,,0,init,fish,0.964,
coho,2024-12-25,IPPDQ,2025-05-06 10:00,1,8,1,,,,0,init,fish,0.964,
coho,2024-12-25,IPPDQ,2025-05-06 10:00,2,1,1,2025-05-06 15:57,0.83,4.6,1,init,fish,1.06,
coho,2024-12-25,IPPDQ,2025-05-06 10:00,2,2,1,2025-05-06 19:00,,,1,init,fish,1.06,
coho,2024-12-25,IPPDQ,2025-05-06 10:00,2,3,1,2025-05-06 19:00,,,1,init,fish,1.06,
coho,2024-12-25,IPPDQ,2025-05-06 10:00,2,4,1,2025-05-07 06:40,,,1,init,fish,1.06,
coho,2024-12-25,IPPDQ,2025-05-06 10:00,2,5,1,2025-05-07 06:40,,,1,init,fish,1.06,
coho,2024-12-25,IPPDQ,2025-05-06 10:00,2,6,1,2025-05-07 06:40,,,1,init,fish,1.06,
coho,2024-12-25,IPPDQ,2025-05-06 10:00,2,7,1,,,,0,init,fish,1.06,
coho,2024-12-25,IPPDQ,2025-05-06 10:00,2,8,1,,,,0,init,fish,1.06,
coho,2024-12-25,IPPDQ,2025-05-06 10:00,3,1,1,2025-05-06 19:00,,,1,,,,
coho,2024-12-25,IPPDQ,2025-05-06 10:00,3,2,1,2025-05-07 06:40,,,1,,,,
coho,2024-12-25,IPPDQ,2025-05-06 10:00,3,3,1,2025-05-07 06:40,,,1,,,,
coho,2024-12-25,IPPDQ,2025-05-06 10:00,3,4,1,,,,0,,,,
coho,2024-12-25,IPPDQ,2025-05-06 10:00,3,5,1,,,,0,,,,
coho,2024-12-25,IPPDQ,2025-05-06 10:00,3,6,1,,,,0,,,,
coho,2024-12-25,IPPDQ,2025-05-06 10:00,3,7,1,,,,0,,,,
coho,2024-12-25,IPPDQ,2025-05-06 10:00,3,8,1,,,,0,,,,
coho,2024-12-25,IPPDQ,2025-05-06 10:00,1,1,1.5,2025-05-06 14:45,1.31,5.2,1,init,fish,1.304,
coho,2024-12-25,IPPDQ,2025-05-06 10:00,1,2,1.5,2025-05-06 15:08,0.67,4.2,1,init,fish,1.304,
coho,2024-12-25,IPPDQ,2025-05-06 10:00,1,3,1.5,2025-05-06 15:13,0.62,4.2,1,init,fish,1.304,
coho,2024-12-25,IPPDQ,2025-05-06 10:00,1,4,1.5,2025-05-06 16:21,0.95,4.6,1,init,fish,1.304,
coho,2024-12-25,IPPDQ,2025-05-06 10:00,1,5,1.5,2025-05-06 19:00,,,1,init,fish,1.304,
coho,2024-12-25,IPPDQ,2025-05-06 10:00,1,6,1.5,2025-05-07 06:40,,,1,init,fish,1.304,
coho,2024-12-25,IPPDQ,2025-05-06 10:00,1,7,1.5,2025-05-07 06:40,,,1,init,fish,1.304,
coho,2024-12-25,IPPDQ,2025-05-06 10:00,1,8,1.5,2025-05-07 09:55,,,1,init,fish,1.304,
coho,2024-12-25,IPPDQ,2025-05-06 10:00,2,1,1.5,2025-05-06 15:30,1.46,5.5,1,init,fish,1.388,
coho,2024-12-25,IPPDQ,2025-05-06 10:00,2,2,1.5,2025-05-06 15:45,0.65,4.2,1,init,fish,1.388,
coho,2024-12-25,IPPDQ,2025-05-06 10:00,2,3,1.5,2025-05-06 16:14,0.67,4.5,1,init,fish,1.388,
coho,2024-12-25,IPPDQ,2025-05-06 10:00,2,4,1.5,2025-05-06 19:00,,,1,init,fish,1.388,
coho,2024-12-25,IPPDQ,2025-05-06 10:00,2,5,1.5,2025-05-07 06:40,,,1,init,fish,1.388,
coho,2024-12-25,IPPDQ,2025-05-06 10:00,2,6,1.5,2025-05-07 06:40,,,1,init,fish,1.388,
coho,2024-12-25,IPPDQ,2025-05-06 10:00,2,7,1.5,2025-05-07 06:40,,,1,init,fish,1.388,
coho,2024-12-25,IPPDQ,2025-05-06 10:00,2,8,1.5,,,,0,init,fish,1.388,
coho,2024-12-25,IPPDQ,2025-05-06 10:00,3,1,1.5,2025-05-06 14:35,0.72,4.4,1,,,,
coho,2024-12-25,IPPDQ,2025-05-06 10:00,3,2,1.5,2025-05-06 19:00,,,1,,,,
coho,2024-12-25,IPPDQ,2025-05-06 10:00,3,3,1.5,2025-05-06 19:00,,,1,,,,
coho,2024-12-25,IPPDQ,2025-05-06 10:00,3,4,1.5,2025-05-07 06:40,,,1,,,,
coho,2024-12-25,IPPDQ,2025-05-06 10:00,3,5,1.5,2025-05-07 06:40,,,1,,,,
coho,2024-12-25,IPPDQ,2025-05-06 10:00,3,6,1.5,2025-05-07 06:40,,,1,,,,
coho,2024-12-25,IPPDQ,2025-05-06 10:00,3,7,1.5,,,,1,,,,
coho,2024-12-25,IPPDQ,2025-05-06 10:00,3,8,1.5,,,,0,,,,
coho,2024-12-25,IPPDQ,2025-05-06 10:00,1,1,2,2025-05-06 14:15,1,4.6,1,,,,
coho,2024-12-25,IPPDQ,2025-05-06 10:00,1,2,2,2025-05-06 14:15,0.88,4.6,1,,,,
coho,2024-12-25,IPPDQ,2025-05-06 10:00,1,3,2,2025-05-06 14:33,0.52,3.9,1,,,,
coho,2024-12-25,IPPDQ,2025-05-06 10:00,1,4,2,2025-05-06 14:33,1.32,5.2,1,,,,
coho,2024-12-25,IPPDQ,2025-05-06 10:00,1,5,2,2025-05-06 14:48,1.07,5,1,,,,
coho,2024-12-25,IPPDQ,2025-05-06 10:00,1,6,2,2025-05-06 16:17,0.61,4.1,1,,,,
coho,2024-12-25,IPPDQ,2025-05-06 10:00,1,7,2,2025-05-07 06:40,,,1,,,,
coho,2024-12-25,IPPDQ,2025-05-06 10:00,1,8,2,,,,0,,,,
coho,2024-12-25,IPPDQ,2025-05-06 10:00,2,1,2,2025-05-06 14:15,0.55,4.1,1,,,,
coho,2024-12-25,IPPDQ,2025-05-06 10:00,2,2,2,2025-05-06 14:33,0.91,4.6,1,,,,
coho,2024-12-25,IPPDQ,2025-05-06 10:00,2,3,2,2025-05-06 14:47,0.66,4.2,1,,,,
coho,2024-12-25,IPPDQ,2025-05-06 10:00,2,4,2,2025-05-06 14:50,0.79,4.3,1,,,,
coho,2024-12-25,IPPDQ,2025-05-06 10:00,2,5,2,2025-05-06 15:45,1.05,4.9,1,,,,
coho,2024-12-25,IPPDQ,2025-05-06 10:00,2,6,2,2025-05-06 15:58,0.92,4.7,1,,,,
coho,2024-12-25,IPPDQ,2025-05-06 10:00,2,7,2,2025-05-06 19:00,,,1,,,,
coho,2024-12-25,IPPDQ,2025-05-06 10:00,2,8,2,,,,0,,,,
coho,2024-12-25,IPPDQ,2025-05-06 10:00,3,1,2,2025-05-06 14:49,0.89,4.5,1,,,,
coho,2024-12-25,IPPDQ,2025-05-06 10:00,3,2,2,2025-05-06 15:30,0.49,3.9,1,,,,
coho,2024-12-25,IPPDQ,2025-05-06 10:00,3,3,2,2025-05-06 15:32,0.53,4,1,,,,
coho,2024-12-25,IPPDQ,2025-05-06 10:00,3,4,2,2025-05-06 15:32,1.34,5.1,1,,,,
coho,2024-12-25,IPPDQ,2025-05-06 10:00,3,5,2,2025-05-06 16:14,1.61,5.5,1,,,,
coho,2024-12-25,IPPDQ,2025-05-06 10:00,3,6,2,2025-05-06 19:00,,,1,,,,
coho,2024-12-25,IPPDQ,2025-05-06 10:00,3,7,2,2025-05-06 19:00,,,1,,,,
coho,2024-12-25,IPPDQ,2025-05-06 10:00,3,8,2,2025-05-06 19:00,,,1,,,,
coho,2024-12-25,IPPDQ,2025-05-08 10:55,1,1,0.4,,,,0,init,fish,0.383,
coho,2024-12-25,IPPDQ,2025-05-08 10:55,1,2,0.4,,,,0,init,fish,0.383,
coho,2024-12-25,IPPDQ,2025-05-08 10:55,1,3,0.4,,,,0,init,fish,0.383,
coho,2024-12-25,IPPDQ,2025-05-08 10:55,1,4,0.4,,,,0,init,fish,0.383,
coho,2024-12-25,IPPDQ,2025-05-08 10:55,1,5,0.4,,,,0,init,fish,0.383,
coho,2024-12-25,IPPDQ,2025-05-08 10:55,1,6,0.4,,,,0,init,fish,0.383,
coho,2024-12-25,IPPDQ,2025-05-08 10:55,1,7,0.4,,,,0,init,fish,0.383,
coho,2024-12-25,IPPDQ,2025-05-08 10:55,1,8,0.4,,,,0,init,fish,0.383,
coho,2024-12-25,IPPDQ,2025-05-08 10:55,2,1,0.4,,,,0,init,fish,0.456,E
coho,2024-12-25,IPPDQ,2025-05-08 10:55,2,2,0.4,,,,0,init,fish,0.456,E
coho,2024-12-25,IPPDQ,2025-05-08 10:55,2,3,0.4,,,,0,init,fish,0.456,E
coho,2024-12-25,IPPDQ,2025-05-08 10:55,2,4,0.4,,,,0,init,fish,0.456,E
coho,2024-12-25,IPPDQ,2025-05-08 10:55,2,5,0.4,,,,0,init,fish,0.456,E
coho,2024-12-25,IPPDQ,2025-05-08 10:55,2,6,0.4,,,,0,init,fish,0.456,E
coho,2024-12-25,IPPDQ,2025-05-08 10:55,2,7,0.4,,,,0,init,fish,0.456,E
coho,2024-12-25,IPPDQ,2025-05-08 10:55,2,8,0.4,,,,0,init,fish,0.456,E
coho,2024-12-25,IPPDQ,2025-05-08 10:55,3,1,0.4,,,,0,,,,
coho,2024-12-25,IPPDQ,2025-05-08 10:55,3,2,0.4,,,,0,,,,
coho,2024-12-25,IPPDQ,2025-05-08 10:55,3,3,0.4,,,,0,,,,
coho,2024-12-25,IPPDQ,2025-05-08 10:55,3,4,0.4,,,,0,,,,
coho,2024-12-25,IPPDQ,2025-05-08 10:55,3,5,0.4,,,,0,,,,
coho,2024-12-25,IPPDQ,2025-05-08 10:55,3,6,0.4,,,,0,,,,
coho,2024-12-25,IPPDQ,2025-05-08 10:55,3,7,0.4,,,,0,,,,
coho,2024-12-25,IPPDQ,2025-05-08 10:55,3,8,0.4,,,,0,,,,
coho,2024-12-25,IPPDQ,2025-05-08 10:55,1,1,0.65,2025-05-09 07:55,0.68,4.1,1,init,fish,0.639,
coho,2024-12-25,IPPDQ,2025-05-08 10:55,1,2,0.65,2025-05-09 10:50,,,1,init,fish,0.639,
coho,2024-12-25,IPPDQ,2025-05-08 10:55,1,3,0.65,,,,0,init,fish,0.639,
coho,2024-12-25,IPPDQ,2025-05-08 10:55,1,4,0.65,,,,0,init,fish,0.639,
coho,2024-12-25,IPPDQ,2025-05-08 10:55,1,5,0.65,,,,0,init,fish,0.639,
coho,2024-12-25,IPPDQ,2025-05-08 10:55,1,6,0.65,,,,0,init,fish,0.639,
coho,2024-12-25,IPPDQ,2025-05-08 10:55,1,7,0.65,,,,0,init,fish,0.639,
coho,2024-12-25,IPPDQ,2025-05-08 10:55,1,8,0.65,,,,0,init,fish,0.639,
coho,2024-12-25,IPPDQ,2025-05-08 10:55,2,1,0.65,2025-05-09 07:55,1.53,5.5,1,init,fish,0.591,
coho,2024-12-25,IPPDQ,2025-05-08 10:55,2,2,0.65,2025-05-09 07:55,0.88,4.8,1,init,fish,0.591,
coho,2024-12-25,IPPDQ,2025-05-08 10:55,2,3,0.65,2025-05-09 07:55,0.92,4.6,1,init,fish,0.591,
coho,2024-12-25,IPPDQ,2025-05-08 10:55,2,4,0.65,2025-05-09 07:55,0.66,4.2,1,init,fish,0.591,
coho,2024-12-25,IPPDQ,2025-05-08 10:55,2,5,0.65,2025-05-09 07:55,,,0,init,fish,0.591,
coho,2024-12-25,IPPDQ,2025-05-08 10:55,2,6,0.65,,,,0,init,fish,0.591,
coho,2024-12-25,IPPDQ,2025-05-08 10:55,2,7,0.65,,,,0,init,fish,0.591,
coho,2024-12-25,IPPDQ,2025-05-08 10:55,2,8,0.65,,,,0,init,fish,0.591,
coho,2024-12-25,IPPDQ,2025-05-08 10:55,3,1,0.65,2025-05-09 07:55,1.03,4.7,1,,,,
coho,2024-12-25,IPPDQ,2025-05-08 10:55,3,2,0.65,2025-05-09 07:55,0.82,4.5,1,,,,
coho,2024-12-25,IPPDQ,2025-05-08 10:55,3,3,0.65,2025-05-09 07:55,0.75,4.5,1,,,,
coho,2024-12-25,IPPDQ,2025-05-08 10:55,3,4,0.65,,,,0,,,,
coho,2024-12-25,IPPDQ,2025-05-08 10:55,3,5,0.65,,,,0,,,,
coho,2024-12-25,IPPDQ,2025-05-08 10:55,3,6,0.65,,,,0,,,,
coho,2024-12-25,IPPDQ,2025-05-08 10:55,3,7,0.65,,,,0,,,,
coho,2024-12-25,IPPDQ,2025-05-08 10:55,3,8,0.65,,,,0,,,,
coho,2024-12-25,IPPDQ,2025-05-08 10:55,1,1,0.9,2025-05-09 07:55,1.02,4.7,1,init,fish,0.764,
coho,2024-12-25,IPPDQ,2025-05-08 10:55,1,2,0.9,2025-05-09 07:55,0.66,4.2,1,init,fish,0.764,
coho,2024-12-25,IPPDQ,2025-05-08 10:55,1,3,0.9,2025-05-09 07:55,0.64,4.3,1,init,fish,0.764,
coho,2024-12-25,IPPDQ,2025-05-08 10:55,1,4,0.9,2025-05-09 07:55,0.77,4.4,1,init,fish,0.764,
coho,2024-12-25,IPPDQ,2025-05-08 10:55,1,5,0.9,,,,0,init,fish,0.764,
coho,2024-12-25,IPPDQ,2025-05-08 10:55,1,6,0.9,,,,0,init,fish,0.764,
coho,2024-12-25,IPPDQ,2025-05-08 10:55,1,7,0.9,,,,0,init,fish,0.764,
coho,2024-12-25,IPPDQ,2025-05-08 10:55,1,8,0.9,,,,0,init,fish,0.764,
coho,2024-12-25,IPPDQ,2025-05-08 10:55,2,1,0.9,2025-05-09 07:55,0.81,4.5,1,init,fish,0.67,
coho,2024-12-25,IPPDQ,2025-05-08 10:55,2,2,0.9,2025-05-09 07:55,0.83,4.5,1,init,fish,0.67,
coho,2024-12-25,IPPDQ,2025-05-08 10:55,2,3,0.9,2025-05-09 07:55,0.93,4.4,1,init,fish,0.67,
coho,2024-12-25,IPPDQ,2025-05-08 10:55,2,4,0.9,2025-05-09 07:55,0.64,4.2,1,init,fish,0.67,
coho,2024-12-25,IPPDQ,2025-05-08 10:55,2,5,0.9,2025-05-09 07:55,0.76,4.5,1,init,fish,0.67,
coho,2024-12-25,IPPDQ,2025-05-08 10:55,2,6,0.9,,,,0,init,fish,0.67,
coho,2024-12-25,IPPDQ,2025-05-08 10:55,2,7,0.9,,,,0,init,fish,0.67,
coho,2024-12-25,IPPDQ,2025-05-08 10:55,2,8,0.9,,,,0,init,fish,0.67,
coho,2024-12-25,IPPDQ,2025-05-08 10:55,3,1,0.9,2025-05-09 07:55,1.12,4.7,1,,,,
coho,2024-12-25,IPPDQ,2025-05-08 10:55,3,2,0.9,2025-05-09 07:55,0.68,4.4,1,,,,
coho,2024-12-25,IPPDQ,2025-05-08 10:55,3,3,0.9,2025-05-09 08:10,0.53,4,1,,,,
coho,2024-12-25,IPPDQ,2025-05-08 10:55,3,4,0.9,,,,0,,,,
coho,2024-12-25,IPPDQ,2025-05-08 10:55,3,5,0.9,,,,0,,,,
coho,2024-12-25,IPPDQ,2025-05-08 10:55,3,6,0.9,,,,0,,,,
coho,2024-12-25,IPPDQ,2025-05-08 10:55,3,7,0.9,,,,0,,,,
coho,2024-12-25,IPPDQ,2025-05-08 10:55,3,8,0.9,,,,0,,,,
coho,2024-12-25,IPPDQ,2025-05-08 10:55,1,1,1.15,2025-05-09 07:55,0.86,4.3,1,init,fish,0.895,
coho,2024-12-25,IPPDQ,2025-05-08 10:55,1,2,1.15,2025-05-09 07:55,0.6,4.1,1,init,fish,0.895,
coho,2024-12-25,IPPDQ,2025-05-08 10:55,1,3,1.15,2025-05-09 07:55,0.97,4.7,1,init,fish,0.895,
coho,2024-12-25,IPPDQ,2025-05-08 10:55,1,4,1.15,2025-05-09 07:55,0.9,4.5,1,init,fish,0.895,
coho,2024-12-25,IPPDQ,2025-05-08 10:55,1,5,1.15,2025-05-09 07:55,0.79,4.4,1,init,fish,0.895,
coho,2024-12-25,IPPDQ,2025-05-08 10:55,1,6,1.15,,,,0,init,fish,0.895,
coho,2024-12-25,IPPDQ,2025-05-08 10:55,1,7,1.15,,,,0,init,fish,0.895,
coho,2024-12-25,IPPDQ,2025-05-08 10:55,1,8,1.15,,,,0,init,fish,0.895,
coho,2024-12-25,IPPDQ,2025-05-08 10:55,2,1,1.15,2025-05-09 07:55,0.97,4.9,1,init,fish,0.916,
coho,2024-12-25,IPPDQ,2025-05-08 10:55,2,2,1.15,2025-05-09 07:55,0.76,4.5,1,init,fish,0.916,
coho,2024-12-25,IPPDQ,2025-05-08 10:55,2,3,1.15,2025-05-09 07:55,0.83,4.6,1,init,fish,0.916,
coho,2024-12-25,IPPDQ,2025-05-08 10:55,2,4,1.15,2025-05-09 07:55,0.91,4.7,1,init,fish,0.916,
coho,2024-12-25,IPPDQ,2025-05-08 10:55,2,5,1.15,2025-05-09 07:55,0.81,4.6,1,init,fish,0.916,
coho,2024-12-25,IPPDQ,2025-05-08 10:55,2,6,1.15,2025-05-09 07:55,0.81,4.5,1,init,fish,0.916,
coho,2024-12-25,IPPDQ,2025-05-08 10:55,2,7,1.15,,,,0,init,fish,0.916,
coho,2024-12-25,IPPDQ,2025-05-08 10:55,2,8,1.15,,,,0,init,fish,0.916,
coho,2024-12-25,IPPDQ,2025-05-08 10:55,3,1,1.15,2025-05-09 07:55,1.28,5.1,1,,,,
coho,2024-12-25,IPPDQ,2025-05-08 10:55,3,2,1.15,2025-05-09 07:55,0.92,4.5,1,,,,
coho,2024-12-25,IPPDQ,2025-05-08 10:55,3,3,1.15,2025-05-09 07:55,1.72,5.6,1,,,,
coho,2024-12-25,IPPDQ,2025-05-08 10:55,3,4,1.15,2025-05-09 07:55,1.33,5.1,1,,,,
coho,2024-12-25,IPPDQ,2025-05-08 10:55,3,5,1.15,2025-05-09 07:55,1.32,5,1,,,,
coho,2024-12-25,IPPDQ,2025-05-08 10:55,3,6,1.15,2025-05-09 07:55,0.76,4.2,1,,,,
coho,2024-12-25,IPPDQ,2025-05-08 10:55,3,7,1.15,2025-05-09 07:55,0.81,4.2,1,,,,
coho,2024-12-25,IPPDQ,2025-05-08 10:55,3,8,1.15,2025-05-09 07:55,0.76,4.4,1,,,,
coho,2024-12-25,IPPDQ,2025-05-08 10:55,1,1,1.4,2025-05-09 07:55,1.28,5.1,1,init,fish,1.086,
coho,2024-12-25,IPPDQ,2025-05-08 10:55,1,2,1.4,2025-05-09 07:55,0.71,4.3,1,init,fish,1.086,
coho,2024-12-25,IPPDQ,2025-05-08 10:55,1,3,1.4,2025-05-09 07:55,0.66,4.1,1,init,fish,1.086,
coho,2024-12-25,IPPDQ,2025-05-08 10:55,1,4,1.4,2025-05-09 07:55,1.08,5,1,init,fish,1.086,
coho,2024-12-25,IPPDQ,2025-05-08 10:55,1,5,1.4,2025-05-09 07:55,0.5,4,1,init,fish,1.086,
coho,2024-12-25,IPPDQ,2025-05-08 10:55,1,6,1.4,2025-05-09 07:55,0.57,4.1,1,init,fish,1.086,
coho,2024-12-25,IPPDQ,2025-05-08 10:55,1,7,1.4,2025-05-09 07:55,0.6,4.2,1,init,fish,1.086,
coho,2024-12-25,IPPDQ,2025-05-08 10:55,1,8,1.4,,,,0,init,fish,1.086,
coho,2024-12-25,IPPDQ,2025-05-08 10:55,2,1,1.4,2025-05-09 07:55,1.13,4.9,1,init,fish,1.222,
coho,2024-12-25,IPPDQ,2025-05-08 10:55,2,2,1.4,2025-05-09 07:55,1.25,5,1,init,fish,1.222,
coho,2024-12-25,IPPDQ,2025-05-08 10:55,2,3,1.4,2025-05-09 07:55,0.68,4.1,1,init,fish,1.222,
coho,2024-12-25,IPPDQ,2025-05-08 10:55,2,4,1.4,2025-05-09 07:55,0.66,4.3,1,init,fish,1.222,
coho,2024-12-25,IPPDQ,2025-05-08 10:55,2,5,1.4,2025-05-09 07:55,1.05,4.6,1,init,fish,1.222,
coho,2024-12-25,IPPDQ,2025-05-08 10:55,2,6,1.4,2025-05-09 07:55,0.7,4.3,1,init,fish,1.222,
coho,2024-12-25,IPPDQ,2025-05-08 10:55,2,7,1.4,,,,0,init,fish,1.222,
coho,2024-12-25,IPPDQ,2025-05-08 10:55,2,8,1.4,,,,0,init,fish,1.222,
coho,2024-12-25,IPPDQ,2025-05-08 10:55,3,1,1.4,2025-05-09 07:55,0.78,4.4,1,,,,
coho,2024-12-25,IPPDQ,2025-05-08 10:55,3,2,1.4,2025-05-09 07:55,1.17,5,1,,,,
coho,2024-12-25,IPPDQ,2025-05-08 10:55,3,3,1.4,2025-05-09 07:55,0.85,4.5,1,,,,
coho,2024-12-25,IPPDQ,2025-05-08 10:55,3,4,1.4,2025-05-09 07:55,0.74,4.3,1,,,,
coho,2024-12-25,IPPDQ,2025-05-08 10:55,3,5,1.4,2025-05-09 07:55,1.15,5.2,1,,,,
coho,2024-12-25,IPPDQ,2025-05-08 10:55,3,6,1.4,,,,0,,,,
coho,2024-12-25,IPPDQ,2025-05-08 10:55,3,7,1.4,,,,0,,,,
coho,2024-12-25,IPPDQ,2025-05-08 10:55,3,8,1.4,,,,0,,,,
coho,2024-12-25,DPPDQ,2025-05-08 11:20,1,1,0,,,,0,init,fish,0,<LOD
coho,2024-12-25,DPPDQ,2025-05-08 11:20,1,2,0,,,,0,init,fish,0,<LOD
coho,2024-12-25,DPPDQ,2025-05-08 11:20,1,3,0,,,,0,init,fish,0,<LOD
coho,2024-12-25,DPPDQ,2025-05-08 11:20,1,4,0,,,,0,init,fish,0,<LOD
coho,2024-12-25,DPPDQ,2025-05-08 11:20,1,5,0,,,,0,init,fish,0,<LOD
coho,2024-12-25,DPPDQ,2025-05-08 11:20,1,6,0,,,,0,init,fish,0,<LOD
coho,2024-12-25,DPPDQ,2025-05-08 11:20,1,7,0,,,,0,init,fish,0,<LOD
coho,2024-12-25,DPPDQ,2025-05-08 11:20,1,8,0,,,,0,init,fish,0,<LOD
coho,2024-12-25,DPPDQ,2025-05-08 11:20,2,1,0,,,,0,init,fish,0,<LOD
coho,2024-12-25,DPPDQ,2025-05-08 11:20,2,2,0,,,,0,init,fish,0,<LOD
coho,2024-12-25,DPPDQ,2025-05-08 11:20,2,3,0,,,,0,init,fish,0,<LOD
coho,2024-12-25,DPPDQ,2025-05-08 11:20,2,4,0,,,,0,init,fish,0,<LOD
coho,2024-12-25,DPPDQ,2025-05-08 11:20,2,5,0,,,,0,init,fish,0,<LOD
coho,2024-12-25,DPPDQ,2025-05-08 11:20,2,6,0,,,,0,init,fish,0,<LOD
coho,2024-12-25,DPPDQ,2025-05-08 11:20,2,7,0,,,,0,init,fish,0,<LOD
coho,2024-12-25,DPPDQ,2025-05-08 11:20,2,8,0,,,,0,init,fish,0,<LOD
coho,2024-12-25,DPPDQ,2025-05-08 11:20,3,1,0,,,,0,init,fish,0,<LOD
coho,2024-12-25,DPPDQ,2025-05-08 11:20,3,2,0,,,,0,init,fish,0,<LOD
coho,2024-12-25,DPPDQ,2025-05-08 11:20,3,3,0,,,,0,init,fish,0,<LOD
coho,2024-12-25,DPPDQ,2025-05-08 11:20,3,4,0,,,,0,init,fish,0,<LOD
coho,2024-12-25,DPPDQ,2025-05-08 11:20,3,5,0,,,,0,init,fish,0,<LOD
coho,2024-12-25,DPPDQ,2025-05-08 11:20,3,6,0,,,,0,init,fish,0,<LOD
coho,2024-12-25,DPPDQ,2025-05-08 11:20,3,7,0,,,,0,init,fish,0,<LOD
coho,2024-12-25,DPPDQ,2025-05-08 11:20,3,8,0,,,,0,init,fish,0,<LOD
coho,2024-12-25,DPPDQ,2025-05-08 11:20,1,1,0.5,,,,0,init,fish,0,<LOD
coho,2024-12-25,DPPDQ,2025-05-08 11:20,1,2,0.5,,,,0,init,fish,0,<LOD
coho,2024-12-25,DPPDQ,2025-05-08 11:20,1,3,0.5,,,,0,init,fish,0,<LOD
coho,2024-12-25,DPPDQ,2025-05-08 11:20,1,4,0.5,,,,0,init,fish,0,<LOD
coho,2024-12-25,DPPDQ,2025-05-08 11:20,1,5,0.5,,,,0,init,fish,0,<LOD
coho,2024-12-25,DPPDQ,2025-05-08 11:20,1,6,0.5,,,,0,init,fish,0,<LOD
coho,2024-12-25,DPPDQ,2025-05-08 11:20,1,7,0.5,,,,0,init,fish,0,<LOD
coho,2024-12-25,DPPDQ,2025-05-08 11:20,1,8,0.5,,,,0,init,fish,0,<LOD
coho,2024-12-25,DPPDQ,2025-05-08 11:20,2,1,0.5,,,,0,,,,
coho,2024-12-25,DPPDQ,2025-05-08 11:20,2,2,0.5,,,,0,,,,
coho,2024-12-25,DPPDQ,2025-05-08 11:20,2,3,0.5,,,,0,,,,
coho,2024-12-25,DPPDQ,2025-05-08 11:20,2,4,0.5,,,,0,,,,
coho,2024-12-25,DPPDQ,2025-05-08 11:20,2,5,0.5,,,,0,,,,
coho,2024-12-25,DPPDQ,2025-05-08 11:20,2,6,0.5,,,,0,,,,
coho,2024-12-25,DPPDQ,2025-05-08 11:20,2,7,0.5,,,,0,,,,
coho,2024-12-25,DPPDQ,2025-05-08 11:20,2,8,0.5,,,,0,,,,
coho,2024-12-25,DPPDQ,2025-05-08 11:20,3,1,0.5,,,,0,,,,
coho,2024-12-25,DPPDQ,2025-05-08 11:20,3,2,0.5,,,,0,,,,
coho,2024-12-25,DPPDQ,2025-05-08 11:20,3,3,0.5,,,,0,,,,
coho,2024-12-25,DPPDQ,2025-05-08 11:20,3,4,0.5,,,,0,,,,
coho,2024-12-25,DPPDQ,2025-05-08 11:20,3,5,0.5,,,,0,,,,
coho,2024-12-25,DPPDQ,2025-05-08 11:20,3,6,0.5,,,,0,,,,
coho,2024-12-25,DPPDQ,2025-05-08 11:20,3,7,0.5,,,,0,,,,
coho,2024-12-25,DPPDQ,2025-05-08 11:20,3,8,0.5,,,,0,,,,
coho,2024-12-25,DPPDQ,2025-05-08 11:20,1,1,2,,,,0,,,,
coho,2024-12-25,DPPDQ,2025-05-08 11:20,1,2,2,,,,0,,,,
coho,2024-12-25,DPPDQ,2025-05-08 11:20,1,3,2,,,,0,,,,
coho,2024-12-25,DPPDQ,2025-05-08 11:20,1,4,2,,,,0,,,,
coho,2024-12-25,DPPDQ,2025-05-08 11:20,1,5,2,,,,0,,,,
coho,2024-12-25,DPPDQ,2025-05-08 11:20,1,6,2,,,,0,,,,
coho,2024-12-25,DPPDQ,2025-05-08 11:20,1,7,2,,,,0,,,,
coho,2024-12-25,DPPDQ,2025-05-08 11:20,1,8,2,,,,0,,,,
coho,2024-12-25,DPPDQ,2025-05-08 11:20,2,1,2,,,,0,,,,
coho,2024-12-25,DPPDQ,2025-05-08 11:20,2,2,2,,,,0,,,,
coho,2024-12-25,DPPDQ,2025-05-08 11:20,2,3,2,,,,0,,,,
coho,2024-12-25,DPPDQ,2025-05-08 11:20,2,4,2,,,,0,,,,
coho,2024-12-25,DPPDQ,2025-05-08 11:20,2,5,2,,,,0,,,,
coho,2024-12-25,DPPDQ,2025-05-08 11:20,2,6,2,,,,0,,,,
coho,2024-12-25,DPPDQ,2025-05-08 11:20,2,7,2,,,,0,,,,
coho,2024-12-25,DPPDQ,2025-05-08 11:20,2,8,2,,,,0,,,,
coho,2024-12-25,DPPDQ,2025-05-08 11:20,3,1,2,,,,0,,,,
coho,2024-12-25,DPPDQ,2025-05-08 11:20,3,2,2,,,,0,,,,
coho,2024-12-25,DPPDQ,2025-05-08 11:20,3,3,2,,,,0,,,,
coho,2024-12-25,DPPDQ,2025-05-08 11:20,3,4,2,,,,0,,,,
coho,2024-12-25,DPPDQ,2025-05-08 11:20,3,5,2,,,,0,,,,
coho,2024-12-25,DPPDQ,2025-05-08 11:20,3,6,2,,,,0,,,,
coho,2024-12-25,DPPDQ,2025-05-08 11:20,3,7,2,,,,0,,,,
coho,2024-12-25,DPPDQ,2025-05-08 11:20,3,8,2,,,,0,,,,
coho,2024-12-25,DPPDQ,2025-05-08 11:20,1,1,10,,,,0,,,,
coho,2024-12-25,DPPDQ,2025-05-08 11:20,1,2,10,,,,0,,,,
coho,2024-12-25,DPPDQ,2025-05-08 11:20,1,3,10,,,,0,,,,
coho,2024-12-25,DPPDQ,2025-05-08 11:20,1,4,10,,,,0,,,,
coho,2024-12-25,DPPDQ,2025-05-08 11:20,1,5,10,,,,0,,,,
coho,2024-12-25,DPPDQ,2025-05-08 11:20,1,6,10,,,,0,,,,
coho,2024-12-25,DPPDQ,2025-05-08 11:20,1,7,10,,,,0,,,,
coho,2024-12-25,DPPDQ,2025-05-08 11:20,1,8,10,,,,0,,,,
coho,2024-12-25,DPPDQ,2025-05-08 11:20,2,1,10,,,,0,,,,
coho,2024-12-25,DPPDQ,2025-05-08 11:20,2,2,10,,,,0,,,,
coho,2024-12-25,DPPDQ,2025-05-08 11:20,2,3,10,,,,0,,,,
coho,2024-12-25,DPPDQ,2025-05-08 11:20,2,4,10,,,,0,,,,
coho,2024-12-25,DPPDQ,2025-05-08 11:20,2,5,10,,,,0,,,,
coho,2024-12-25,DPPDQ,2025-05-08 11:20,2,6,10,,,,0,,,,
coho,2024-12-25,DPPDQ,2025-05-08 11:20,2,7,10,,,,0,,,,
coho,2024-12-25,DPPDQ,2025-05-08 11:20,2,8,10,,,,0,,,,
coho,2024-12-25,DPPDQ,2025-05-08 11:20,3,1,10,,,,0,,,,
coho,2024-12-25,DPPDQ,2025-05-08 11:20,3,2,10,,,,0,,,,
coho,2024-12-25,DPPDQ,2025-05-08 11:20,3,3,10,,,,0,,,,
coho,2024-12-25,DPPDQ,2025-05-08 11:20,3,4,10,,,,0,,,,
coho,2024-12-25,DPPDQ,2025-05-08 11:20,3,5,10,,,,0,,,,
coho,2024-12-25,DPPDQ,2025-05-08 11:20,3,6,10,,,,0,,,,
coho,2024-12-25,DPPDQ,2025-05-08 11:20,3,7,10,,,,0,,,,
coho,2024-12-25,DPPDQ,2025-05-08 11:20,3,8,10,,,,0,,,,
coho,2024-12-25,CCPDQ,2025-05-13 10:20,1,1,0,,,,0,init,fish,0,<LOD
coho,2024-12-25,CCPDQ,2025-05-13 10:20,1,2,0,,,,0,init,fish,0,<LOD
coho,2024-12-25,CCPDQ,2025-05-13 10:20,1,3,0,,,,0,init,fish,0,<LOD
coho,2024-12-25,CCPDQ,2025-05-13 10:20,1,4,0,,,,0,init,fish,0,<LOD
coho,2024-12-25,CCPDQ,2025-05-13 10:20,1,5,0,,,,0,init,fish,0,<LOD
coho,2024-12-25,CCPDQ,2025-05-13 10:20,1,6,0,,,,0,init,fish,0,<LOD
coho,2024-12-25,CCPDQ,2025-05-13 10:20,1,7,0,,,,0,init,fish,0,<LOD
coho,2024-12-25,CCPDQ,2025-05-13 10:20,1,8,0,,,,0,init,fish,0,<LOD
coho,2024-12-25,CCPDQ,2025-05-13 10:20,2,1,0,,,,0,init,fish,0,<LOD
coho,2024-12-25,CCPDQ,2025-05-13 10:20,2,2,0,,,,0,init,fish,0,<LOD
coho,2024-12-25,CCPDQ,2025-05-13 10:20,2,3,0,,,,0,init,fish,0,<LOD
coho,2024-12-25,CCPDQ,2025-05-13 10:20,2,4,0,,,,0,init,fish,0,<LOD
coho,2024-12-25,CCPDQ,2025-05-13 10:20,2,5,0,,,,0,init,fish,0,<LOD
coho,2024-12-25,CCPDQ,2025-05-13 10:20,2,6,0,,,,0,init,fish,0,<LOD
coho,2024-12-25,CCPDQ,2025-05-13 10:20,2,7,0,,,,0,init,fish,0,<LOD
coho,2024-12-25,CCPDQ,2025-05-13 10:20,2,8,0,,,,0,init,fish,0,<LOD
coho,2024-12-25,CCPDQ,2025-05-13 10:20,3,1,0,,,,0,,,,
coho,2024-12-25,CCPDQ,2025-05-13 10:20,3,2,0,,,,0,,,,
coho,2024-12-25,CCPDQ,2025-05-13 10:20,3,3,0,,,,0,,,,
coho,2024-12-25,CCPDQ,2025-05-13 10:20,3,4,0,,,,0,,,,
coho,2024-12-25,CCPDQ,2025-05-13 10:20,3,5,0,,,,0,,,,
coho,2024-12-25,CCPDQ,2025-05-13 10:20,3,6,0,,,,0,,,,
coho,2024-12-25,CCPDQ,2025-05-13 10:20,3,7,0,,,,0,,,,
coho,2024-12-25,CCPDQ,2025-05-13 10:20,3,8,0,,,,0,,,,
coho,2024-12-25,CCPDQ,2025-05-13 10:20,1,1,0.5,,,,0,init,fish,1.115,E
coho,2024-12-25,CCPDQ,2025-05-13 10:20,1,2,0.5,,,,0,init,fish,1.115,E
coho,2024-12-25,CCPDQ,2025-05-13 10:20,1,3,0.5,,,,0,init,fish,1.115,E
coho,2024-12-25,CCPDQ,2025-05-13 10:20,1,4,0.5,,,,0,init,fish,1.115,E
coho,2024-12-25,CCPDQ,2025-05-13 10:20,1,5,0.5,,,,0,init,fish,1.115,E
coho,2024-12-25,CCPDQ,2025-05-13 10:20,1,6,0.5,,,,0,init,fish,1.115,E
coho,2024-12-25,CCPDQ,2025-05-13 10:20,1,7,0.5,,,,0,init,fish,1.115,E
coho,2024-12-25,CCPDQ,2025-05-13 10:20,1,8,0.5,,,,0,init,fish,1.115,E
coho,2024-12-25,CCPDQ,2025-05-13 10:20,2,1,0.5,,,,0,init,fish,1.603,E
coho,2024-12-25,CCPDQ,2025-05-13 10:20,2,2,0.5,,,,0,init,fish,1.603,E
coho,2024-12-25,CCPDQ,2025-05-13 10:20,2,3,0.5,,,,0,init,fish,1.603,E
coho,2024-12-25,CCPDQ,2025-05-13 10:20,2,4,0.5,,,,0,init,fish,1.603,E
coho,2024-12-25,CCPDQ,2025-05-13 10:20,2,5,0.5,,,,0,init,fish,1.603,E
coho,2024-12-25,CCPDQ,2025-05-13 10:20,2,6,0.5,,,,0,init,fish,1.603,E
coho,2024-12-25,CCPDQ,2025-05-13 10:20,2,7,0.5,,,,0,init,fish,1.603,E
coho,2024-12-25,CCPDQ,2025-05-13 10:20,2,8,0.5,,,,0,init,fish,1.603,E
coho,2024-12-25,CCPDQ,2025-05-13 10:20,3,1,0.5,,,,0,init,fish,1.171,E
coho,2024-12-25,CCPDQ,2025-05-13 10:20,3,2,0.5,,,,0,init,fish,1.171,E
coho,2024-12-25,CCPDQ,2025-05-13 10:20,3,3,0.5,,,,0,init,fish,1.171,E
coho,2024-12-25,CCPDQ,2025-05-13 10:20,3,4,0.5,,,,0,init,fish,1.171,E
coho,2024-12-25,CCPDQ,2025-05-13 10:20,3,5,0.5,,,,0,init,fish,1.171,E
coho,2024-12-25,CCPDQ,2025-05-13 10:20,3,6,0.5,,,,0,init,fish,1.171,E
coho,2024-12-25,CCPDQ,2025-05-13 10:20,3,7,0.5,,,,0,init,fish,1.171,E
coho,2024-12-25,CCPDQ,2025-05-13 10:20,3,8,0.5,,,,0,init,fish,1.171,E
coho,2024-12-25,CCPDQ,2025-05-13 10:20,1,1,2,,,,0,init,fish,22.461,
coho,2024-12-25,CCPDQ,2025-05-13 10:20,1,2,2,,,,0,init,fish,22.461,
coho,2024-12-25,CCPDQ,2025-05-13 10:20,1,3,2,,,,0,init,fish,22.461,
coho,2024-12-25,CCPDQ,2025-05-13 10:20,1,4,2,,,,0,init,fish,22.461,
coho,2024-12-25,CCPDQ,2025-05-13 10:20,1,5,2,,,,0,init,fish,22.461,
coho,2024-12-25,CCPDQ,2025-05-13 10:20,1,6,2,,,,0,init,fish,22.461,
coho,2024-12-25,CCPDQ,2025-05-13 10:20,1,7,2,,,,0,init,fish,22.461,
coho,2024-12-25,CCPDQ,2025-05-13 10:20,1,8,2,,,,0,init,fish,22.461,
coho,2024-12-25,CCPDQ,2025-05-13 10:20,2,1,2,,,,0,init,fish,24.214,
coho,2024-12-25,CCPDQ,2025-05-13 10:20,2,2,2,,,,0,init,fish,24.214,
coho,2024-12-25,CCPDQ,2025-05-13 10:20,2,3,2,,,,0,init,fish,24.214,
coho,2024-12-25,CCPDQ,2025-05-13 10:20,2,4,2,,,,0,init,fish,24.214,
coho,2024-12-25,CCPDQ,2025-05-13 10:20,2,5,2,,,,0,init,fish,24.214,
coho,2024-12-25,CCPDQ,2025-05-13 10:20,2,6,2,,,,0,init,fish,24.214,
coho,2024-12-25,CCPDQ,2025-05-13 10:20,2,7,2,,,,0,init,fish,24.214,
coho,2024-12-25,CCPDQ,2025-05-13 10:20,2,8,2,,,,0,init,fish,24.214,
coho,2024-12-25,CCPDQ,2025-05-13 10:20,3,1,2,,,,0,init,fish,23.249,
coho,2024-12-25,CCPDQ,2025-05-13 10:20,3,2,2,,,,0,init,fish,23.249,
coho,2024-12-25,CCPDQ,2025-05-13 10:20,3,3,2,,,,0,init,fish,23.249,
coho,2024-12-25,CCPDQ,2025-05-13 10:20,3,4,2,,,,0,init,fish,23.249,
coho,2024-12-25,CCPDQ,2025-05-13 10:20,3,5,2,,,,0,init,fish,23.249,
coho,2024-12-25,CCPDQ,2025-05-13 10:20,3,6,2,,,,0,init,fish,23.249,
coho,2024-12-25,CCPDQ,2025-05-13 10:20,3,7,2,,,,0,init,fish,23.249,
coho,2024-12-25,CCPDQ,2025-05-13 10:20,3,8,2,,,,0,init,fish,23.249,
coho,2024-12-25,CCPDQ,2025-05-13 10:20,1,1,10,,,,0,init,fish,222.87,
coho,2024-12-25,CCPDQ,2025-05-13 10:20,1,2,10,,,,0,init,fish,222.87,
coho,2024-12-25,CCPDQ,2025-05-13 10:20,1,3,10,,,,0,init,fish,222.87,
coho,2024-12-25,CCPDQ,2025-05-13 10:20,1,4,10,,,,0,init,fish,222.87,
coho,2024-12-25,CCPDQ,2025-05-13 10:20,1,5,10,,,,0,init,fish,222.87,
coho,2024-12-25,CCPDQ,2025-05-13 10:20,1,6,10,,,,0,init,fish,222.87,
coho,2024-12-25,CCPDQ,2025-05-13 10:20,1,7,10,,,,0,init,fish,222.87,
coho,2024-12-25,CCPDQ,2025-05-13 10:20,1,8,10,,,,0,init,fish,222.87,
coho,2024-12-25,CCPDQ,2025-05-13 10:20,2,1,10,,,,0,init,fish,134.004,
coho,2024-12-25,CCPDQ,2025-05-13 10:20,2,2,10,,,,0,init,fish,134.004,
coho,2024-12-25,CCPDQ,2025-05-13 10:20,2,3,10,,,,0,init,fish,134.004,
coho,2024-12-25,CCPDQ,2025-05-13 10:20,2,4,10,,,,0,init,fish,134.004,
coho,2024-12-25,CCPDQ,2025-05-13 10:20,2,5,10,,,,0,init,fish,134.004,
coho,2024-12-25,CCPDQ,2025-05-13 10:20,2,6,10,,,,0,init,fish,134.004,
coho,2024-12-25,CCPDQ,2025-05-13 10:20,2,7,10,,,,0,init,fish,134.004,
coho,2024-12-25,CCPDQ,2025-05-13 10:20,2,8,10,,,,0,init,fish,134.004,
coho,2024-12-25,CCPDQ,2025-05-13 10:20,3,1,10,,,,0,init,fish,146.007,
coho,2024-12-25,CCPDQ,2025-05-13 10:20,3,2,10,,,,0,init,fish,146.007,
coho,2024-12-25,CCPDQ,2025-05-13 10:20,3,3,10,,,,0,init,fish,146.007,
coho,2024-12-25,CCPDQ,2025-05-13 10:20,3,4,10,,,,0,init,fish,146.007,
coho,2024-12-25,CCPDQ,2025-05-13 10:20,3,5,10,,,,0,init,fish,146.007,
coho,2024-12-25,CCPDQ,2025-05-13 10:20,3,6,10,,,,0,init,fish,146.007,
coho,2024-12-25,CCPDQ,2025-05-13 10:20,3,7,10,,,,0,init,fish,146.007,
coho,2024-12-25,CCPDQ,2025-05-13 10:20,3,8,10,,,,0,init,fish,146.007,
coho,2024-12-25,CCPDQ,2025-05-15 09:45,1,1,10,,,,0,init,fish,222.87,
coho,2024-12-25,CCPDQ,2025-05-15 09:45,1,2,10,,,,0,init,fish,222.87,
coho,2024-12-25,CCPDQ,2025-05-15 09:45,1,3,10,,,,0,init,fish,222.87,
coho,2024-12-25,CCPDQ,2025-05-15 09:45,1,4,10,,,,0,init,fish,222.87,
coho,2024-12-25,CCPDQ,2025-05-15 09:45,1,5,10,,,,0,init,fish,222.87,
coho,2024-12-25,CCPDQ,2025-05-15 09:45,1,6,10,,,,0,init,fish,222.87,
coho,2024-12-25,CCPDQ,2025-05-15 09:45,1,7,10,,,,0,init,fish,222.87,
coho,2024-12-25,CCPDQ,2025-05-15 09:45,1,8,10,,,,0,init,fish,222.87,
coho,2024-12-25,CCPDQ,2025-05-15 09:45,2,1,10,,,,0,init,fish,134.004,
coho,2024-12-25,CCPDQ,2025-05-15 09:45,2,2,10,,,,0,init,fish,134.004,
coho,2024-12-25,CCPDQ,2025-05-15 09:45,2,3,10,,,,0,init,fish,134.004,
coho,2024-12-25,CCPDQ,2025-05-15 09:45,2,4,10,,,,0,init,fish,134.004,
coho,2024-12-25,CCPDQ,2025-05-15 09:45,2,5,10,,,,0,init,fish,134.004,
coho,2024-12-25,CCPDQ,2025-05-15 09:45,2,6,10,,,,0,init,fish,134.004,
coho,2024-12-25,CCPDQ,2025-05-15 09:45,2,7,10,,,,0,init,fish,134.004,
coho,2024-12-25,CCPDQ,2025-05-15 09:45,2,8,10,,,,0,init,fish,134.004,
coho,2024-12-25,CCPDQ,2025-05-15 09:45,3,1,10,,,,0,init,fish,146.007,
coho,2024-12-25,CCPDQ,2025-05-15 09:45,3,2,10,,,,0,init,fish,146.007,
coho,2024-12-25,CCPDQ,2025-05-15 09:45,3,3,10,,,,0,init,fish,146.007,
coho,2024-12-25,CCPDQ,2025-05-15 09:45,3,4,10,,,,0,init,fish,146.007,
coho,2024-12-25,CCPDQ,2025-05-15 09:45,3,5,10,,,,0,init,fish,146.007,
coho,2024-12-25,CCPDQ,2025-05-15 09:45,3,6,10,,,,0,init,fish,146.007,
coho,2024-12-25,CCPDQ,2025-05-15 09:45,3,7,10,,,,0,init,fish,146.007,
coho,2024-12-25,CCPDQ,2025-05-15 09:45,3,8,10,,,,0,init,fish,146.007,
coho,2024-12-25,CCPDQ,2025-05-15 09:45,1,1,25,,,,0,,,,
coho,2024-12-25,CCPDQ,2025-05-15 09:45,1,2,25,,,,0,,,,
coho,2024-12-25,CCPDQ,2025-05-15 09:45,1,3,25,,,,0,,,,
coho,2024-12-25,CCPDQ,2025-05-15 09:45,1,4,25,,,,0,,,,
coho,2024-12-25,CCPDQ,2025-05-15 09:45,1,5,25,,,,0,,,,
coho,2024-12-25,CCPDQ,2025-05-15 09:45,1,6,25,,,,0,,,,
coho,2024-12-25,CCPDQ,2025-05-15 09:45,1,7,25,,,,0,,,,
coho,2024-12-25,CCPDQ,2025-05-15 09:45,1,8,25,,,,0,,,,
coho,2024-12-25,CCPDQ,2025-05-15 09:45,2,1,25,,,,0,,,,
coho,2024-12-25,CCPDQ,2025-05-15 09:45,2,2,25,,,,0,,,,
coho,2024-12-25,CCPDQ,2025-05-15 09:45,2,3,25,,,,0,,,,
coho,2024-12-25,CCPDQ,2025-05-15 09:45,2,4,25,,,,0,,,,
coho,2024-12-25,CCPDQ,2025-05-15 09:45,2,5,25,,,,0,,,,
coho,2024-12-25,CCPDQ,2025-05-15 09:45,2,6,25,,,,0,,,,
coho,2024-12-25,CCPDQ,2025-05-15 09:45,2,7,25,,,,0,,,,
coho,2024-12-25,CCPDQ,2025-05-15 09:45,2,8,25,,,,0,,,,
coho,2024-12-25,CCPDQ,2025-05-15 09:45,3,1,25,,,,0,,,,
coho,2024-12-25,CCPDQ,2025-05-15 09:45,3,2,25,,,,0,,,,
coho,2024-12-25,CCPDQ,2025-05-15 09:45,3,3,25,,,,0,,,,
coho,2024-12-25,CCPDQ,2025-05-15 09:45,3,4,25,,,,0,,,,
coho,2024-12-25,CCPDQ,2025-05-15 09:45,3,5,25,,,,0,,,,
coho,2024-12-25,CCPDQ,2025-05-15 09:45,3,6,25,,,,0,,,,
coho,2024-12-25,CCPDQ,2025-05-15 09:45,3,7,25,,,,0,,,,
coho,2024-12-25,CCPDQ,2025-05-15 09:45,3,8,25,,,,0,,,,
coho,2024-12-25,CCPDQ,2025-05-15 09:45,1,1,50,,,,0,,,,
coho,2024-12-25,CCPDQ,2025-05-15 09:45,1,2,50,,,,0,,,,
coho,2024-12-25,CCPDQ,2025-05-15 09:45,1,3,50,,,,0,,,,
coho,2024-12-25,CCPDQ,2025-05-15 09:45,1,4,50,,,,0,,,,
coho,2024-12-25,CCPDQ,2025-05-15 09:45,1,5,50,,,,0,,,,
coho,2024-12-25,CCPDQ,2025-05-15 09:45,1,6,50,,,,0,,,,
coho,2024-12-25,CCPDQ,2025-05-15 09:45,1,7,50,,,,0,,,,
coho,2024-12-25,CCPDQ,2025-05-15 09:45,1,8,50,,,,0,,,,
coho,2024-12-25,CCPDQ,2025-05-15 09:45,2,1,50,,,,0,,,,
coho,2024-12-25,CCPDQ,2025-05-15 09:45,2,2,50,,,,0,,,,
coho,2024-12-25,CCPDQ,2025-05-15 09:45,2,3,50,,,,0,,,,
coho,2024-12-25,CCPDQ,2025-05-15 09:45,2,4,50,,,,0,,,,
coho,2024-12-25,CCPDQ,2025-05-15 09:45,2,5,50,,,,0,,,,
coho,2024-12-25,CCPDQ,2025-05-15 09:45,2,6,50,,,,0,,,,
coho,2024-12-25,CCPDQ,2025-05-15 09:45,2,7,50,,,,0,,,,
coho,2024-12-25,CCPDQ,2025-05-15 09:45,2,8,50,,,,0,,,,
coho,2024-12-25,CCPDQ,2025-05-15 09:45,3,1,50,,,,0,,,,
coho,2024-12-25,CCPDQ,2025-05-15 09:45,3,2,50,,,,0,,,,
coho,2024-12-25,CCPDQ,2025-05-15 09:45,3,3,50,,,,0,,,,
coho,2024-12-25,CCPDQ,2025-05-15 09:45,3,4,50,,,,0,,,,
coho,2024-12-25,CCPDQ,2025-05-15 09:45,3,5,50,,,,0,,,,
coho,2024-12-25,CCPDQ,2025-05-15 09:45,3,6,50,,,,0,,,,
coho,2024-12-25,CCPDQ,2025-05-15 09:45,3,7,50,,,,0,,,,
coho,2024-12-25,CCPDQ,2025-05-15 09:45,3,8,50,,,,0,,,,
coho,2024-12-25,OPPDQ,2025-05-15 10:00,1,1,0,,,,0,,,,
coho,2024-12-25,OPPDQ,2025-05-15 10:00,1,2,0,,,,0,,,,
coho,2024-12-25,OPPDQ,2025-05-15 10:00,1,3,0,,,,0,,,,
coho,2024-12-25,OPPDQ,2025-05-15 10:00,1,4,0,,,,0,,,,
coho,2024-12-25,OPPDQ,2025-05-15 10:00,1,5,0,,,,0,,,,
coho,2024-12-25,OPPDQ,2025-05-15 10:00,1,6,0,,,,0,,,,
coho,2024-12-25,OPPDQ,2025-05-15 10:00,1,7,0,,,,0,,,,
coho,2024-12-25,OPPDQ,2025-05-15 10:00,1,8,0,,,,0,,,,
coho,2024-12-25,OPPDQ,2025-05-15 10:00,2,1,0,,,,0,,,,
coho,2024-12-25,OPPDQ,2025-05-15 10:00,2,2,0,,,,0,,,,
coho,2024-12-25,OPPDQ,2025-05-15 10:00,2,3,0,,,,0,,,,
coho,2024-12-25,OPPDQ,2025-05-15 10:00,2,4,0,,,,0,,,,
coho,2024-12-25,OPPDQ,2025-05-15 10:00,2,5,0,,,,0,,,,
coho,2024-12-25,OPPDQ,2025-05-15 10:00,2,6,0,,,,0,,,,
coho,2024-12-25,OPPDQ,2025-05-15 10:00,2,7,0,,,,0,,,,
coho,2024-12-25,OPPDQ,2025-05-15 10:00,2,8,0,,,,0,,,,
coho,2024-12-25,OPPDQ,2025-05-15 10:00,3,1,0,,,,0,,,,
coho,2024-12-25,OPPDQ,2025-05-15 10:00,3,2,0,,,,0,,,,
coho,2024-12-25,OPPDQ,2025-05-15 10:00,3,3,0,,,,0,,,,
coho,2024-12-25,OPPDQ,2025-05-15 10:00,3,4,0,,,,0,,,,
coho,2024-12-25,OPPDQ,2025-05-15 10:00,3,5,0,,,,0,,,,
coho,2024-12-25,OPPDQ,2025-05-15 10:00,3,6,0,,,,0,,,,
coho,2024-12-25,OPPDQ,2025-05-15 10:00,3,7,0,,,,0,,,,
coho,2024-12-25,OPPDQ,2025-05-15 10:00,3,8,0,,,,0,,,,
coho,2024-12-25,OPPDQ,2025-05-15 10:00,1,1,0.5,,,,0,,,,
coho,2024-12-25,OPPDQ,2025-05-15 10:00,1,2,0.5,,,,0,,,,
coho,2024-12-25,OPPDQ,2025-05-15 10:00,1,3,0.5,,,,0,,,,
coho,2024-12-25,OPPDQ,2025-05-15 10:00,1,4,0.5,,,,0,,,,
coho,2024-12-25,OPPDQ,2025-05-15 10:00,1,5,0.5,,,,0,,,,
coho,2024-12-25,OPPDQ,2025-05-15 10:00,1,6,0.5,,,,0,,,,
coho,2024-12-25,OPPDQ,2025-05-15 10:00,1,7,0.5,,,,0,,,,
coho,2024-12-25,OPPDQ,2025-05-15 10:00,1,8,0.5,,,,0,,,,
coho,2024-12-25,OPPDQ,2025-05-15 10:00,2,1,0.5,,,,0,,,,
coho,2024-12-25,OPPDQ,2025-05-15 10:00,2,2,0.5,,,,0,,,,
coho,2024-12-25,OPPDQ,2025-05-15 10:00,2,3,0.5,,,,0,,,,
coho,2024-12-25,OPPDQ,2025-05-15 10:00,2,4,0.5,,,,0,,,,
coho,2024-12-25,OPPDQ,2025-05-15 10:00,2,5,0.5,,,,0,,,,
coho,2024-12-25,OPPDQ,2025-05-15 10:00,2,6,0.5,,,,0,,,,
coho,2024-12-25,OPPDQ,2025-05-15 10:00,2,7,0.5,,,,0,,,,
coho,2024-12-25,OPPDQ,2025-05-15 10:00,2,8,0.5,,,,0,,,,
coho,2024-12-25,OPPDQ,2025-05-15 10:00,3,1,0.5,,,,0,,,,
coho,2024-12-25,OPPDQ,2025-05-15 10:00,3,2,0.5,,,,0,,,,
coho,2024-12-25,OPPDQ,2025-05-15 10:00,3,3,0.5,,,,0,,,,
coho,2024-12-25,OPPDQ,2025-05-15 10:00,3,4,0.5,,,,0,,,,
coho,2024-12-25,OPPDQ,2025-05-15 10:00,3,5,0.5,,,,0,,,,
coho,2024-12-25,OPPDQ,2025-05-15 10:00,3,6,0.5,,,,0,,,,
coho,2024-12-25,OPPDQ,2025-05-15 10:00,3,7,0.5,,,,0,,,,
coho,2024-12-25,OPPDQ,2025-05-15 10:00,3,8,0.5,,,,0,,,,
coho,2024-12-25,OPPDQ,2025-05-15 10:00,1,1,2,,,,0,,,,
coho,2024-12-25,OPPDQ,2025-05-15 10:00,1,2,2,,,,0,,,,
coho,2024-12-25,OPPDQ,2025-05-15 10:00,1,3,2,,,,0,,,,
coho,2024-12-25,OPPDQ,2025-05-15 10:00,1,4,2,,,,0,,,,
coho,2024-12-25,OPPDQ,2025-05-15 10:00,1,5,2,,,,0,,,,
coho,2024-12-25,OPPDQ,2025-05-15 10:00,1,6,2,,,,0,,,,
coho,2024-12-25,OPPDQ,2025-05-15 10:00,1,7,2,,,,0,,,,
coho,2024-12-25,OPPDQ,2025-05-15 10:00,1,8,2,,,,0,,,,
coho,2024-12-25,OPPDQ,2025-05-15 10:00,2,1,2,,,,0,,,,
coho,2024-12-25,OPPDQ,2025-05-15 10:00,2,2,2,,,,0,,,,
coho,2024-12-25,OPPDQ,2025-05-15 10:00,2,3,2,,,,0,,,,
coho,2024-12-25,OPPDQ,2025-05-15 10:00,2,4,2,,,,0,,,,
coho,2024-12-25,OPPDQ,2025-05-15 10:00,2,5,2,,,,0,,,,
coho,2024-12-25,OPPDQ,2025-05-15 10:00,2,6,2,,,,0,,,,
coho,2024-12-25,OPPDQ,2025-05-15 10:00,2,7,2,,,,0,,,,
coho,2024-12-25,OPPDQ,2025-05-15 10:00,2,8,2,,,,0,,,,
coho,2024-12-25,OPPDQ,2025-05-15 10:00,3,1,2,,,,0,,,,
coho,2024-12-25,OPPDQ,2025-05-15 10:00,3,2,2,,,,0,,,,
coho,2024-12-25,OPPDQ,2025-05-15 10:00,3,3,2,,,,0,,,,
coho,2024-12-25,OPPDQ,2025-05-15 10:00,3,4,2,,,,0,,,,
coho,2024-12-25,OPPDQ,2025-05-15 10:00,3,5,2,,,,0,,,,
coho,2024-12-25,OPPDQ,2025-05-15 10:00,3,6,2,,,,0,,,,
coho,2024-12-25,OPPDQ,2025-05-15 10:00,3,7,2,,,,0,,,,
coho,2024-12-25,OPPDQ,2025-05-15 10:00,3,8,2,,,,0,,,,
coho,2024-12-25,OPPDQ,2025-05-15 10:00,1,1,10,,,,0,init,fish,23.987,
coho,2024-12-25,OPPDQ,2025-05-15 10:00,1,2,10,,,,0,init,fish,23.987,
coho,2024-12-25,OPPDQ,2025-05-15 10:00,1,3,10,,,,0,init,fish,23.987,
coho,2024-12-25,OPPDQ,2025-05-15 10:00,1,4,10,,,,0,init,fish,23.987,
coho,2024-12-25,OPPDQ,2025-05-15 10:00,1,5,10,,,,0,init,fish,23.987,
coho,2024-12-25,OPPDQ,2025-05-15 10:00,1,6,10,,,,0,init,fish,23.987,
coho,2024-12-25,OPPDQ,2025-05-15 10:00,1,7,10,,,,0,init,fish,23.987,
coho,2024-12-25,OPPDQ,2025-05-15 10:00,1,8,10,,,,0,init,fish,23.987,
coho,2024-12-25,OPPDQ,2025-05-15 10:00,2,1,10,,,,0,init,fish,125.851,
coho,2024-12-25,OPPDQ,2025-05-15 10:00,2,2,10,,,,0,init,fish,125.851,
coho,2024-12-25,OPPDQ,2025-05-15 10:00,2,3,10,,,,0,init,fish,125.851,
coho,2024-12-25,OPPDQ,2025-05-15 10:00,2,4,10,,,,0,init,fish,125.851,
coho,2024-12-25,OPPDQ,2025-05-15 10:00,2,5,10,,,,0,init,fish,125.851,
coho,2024-12-25,OPPDQ,2025-05-15 10:00,2,6,10,,,,0,init,fish,125.851,
coho,2024-12-25,OPPDQ,2025-05-15 10:00,2,7,10,,,,0,init,fish,125.851,
coho,2024-12-25,OPPDQ,2025-05-15 10:00,2,8,10,,,,0,init,fish,125.851,
coho,2024-12-25,OPPDQ,2025-05-15 10:00,3,1,10,,,,0,init,fish,274.486,
coho,2024-12-25,OPPDQ,2025-05-15 10:00,3,2,10,,,,0,init,fish,274.486,
coho,2024-12-25,OPPDQ,2025-05-15 10:00,3,3,10,,,,0,init,fish,274.486,
coho,2024-12-25,OPPDQ,2025-05-15 10:00,3,4,10,,,,0,init,fish,274.486,
coho,2024-12-25,OPPDQ,2025-05-15 10:00,3,5,10,,,,0,init,fish,274.486,
coho,2024-12-25,OPPDQ,2025-05-15 10:00,3,6,10,,,,0,init,fish,274.486,
coho,2024-12-25,OPPDQ,2025-05-15 10:00,3,7,10,,,,0,init,fish,274.486,
coho,2024-12-25,OPPDQ,2025-05-15 10:00,3,8,10,,,,0,init,fish,274.486,
coho,2024-12-25,HPPDQ,2025-05-19 11:20,1,1,0,,,,0,,,,
coho,2024-12-25,HPPDQ,2025-05-19 11:20,1,2,0,,,,0,,,,
coho,2024-12-25,HPPDQ,2025-05-19 11:20,1,3,0,,,,0,,,,
coho,2024-12-25,HPPDQ,2025-05-19 11:20,1,4,0,,,,0,,,,
coho,2024-12-25,HPPDQ,2025-05-19 11:20,1,5,0,,,,0,,,,
coho,2024-12-25,HPPDQ,2025-05-19 11:20,1,6,0,,,,0,,,,
coho,2024-12-25,HPPDQ,2025-05-19 11:20,1,7,0,,,,0,,,,
coho,2024-12-25,HPPDQ,2025-05-19 11:20,1,8,0,,,,0,,,,
coho,2024-12-25,HPPDQ,2025-05-19 11:20,2,1,0,,,,0,,,,
coho,2024-12-25,HPPDQ,2025-05-19 11:20,2,2,0,,,,0,,,,
coho,2024-12-25,HPPDQ,2025-05-19 11:20,2,3,0,,,,0,,,,
coho,2024-12-25,HPPDQ,2025-05-19 11:20,2,4,0,,,,0,,,,
coho,2024-12-25,HPPDQ,2025-05-19 11:20,2,5,0,,,,0,,,,
coho,2024-12-25,HPPDQ,2025-05-19 11:20,2,6,0,,,,0,,,,
coho,2024-12-25,HPPDQ,2025-05-19 11:20,2,7,0,,,,0,,,,
coho,2024-12-25,HPPDQ,2025-05-19 11:20,2,8,0,,,,0,,,,
coho,2024-12-25,HPPDQ,2025-05-19 11:20,3,1,0,,,,0,,,,
coho,2024-12-25,HPPDQ,2025-05-19 11:20,3,2,0,,,,0,,,,
coho,2024-12-25,HPPDQ,2025-05-19 11:20,3,3,0,,,,0,,,,
coho,2024-12-25,HPPDQ,2025-05-19 11:20,3,4,0,,,,0,,,,
coho,2024-12-25,HPPDQ,2025-05-19 11:20,3,5,0,,,,0,,,,
coho,2024-12-25,HPPDQ,2025-05-19 11:20,3,6,0,,,,0,,,,
coho,2024-12-25,HPPDQ,2025-05-19 11:20,3,7,0,,,,0,,,,
coho,2024-12-25,HPPDQ,2025-05-19 11:20,3,8,0,,,,0,,,,
coho,2024-12-25,HPPDQ,2025-05-19 11:20,1,1,0.5,,,,0,,,,
coho,2024-12-25,HPPDQ,2025-05-19 11:20,1,2,0.5,,,,0,,,,
coho,2024-12-25,HPPDQ,2025-05-19 11:20,1,3,0.5,,,,0,,,,
coho,2024-12-25,HPPDQ,2025-05-19 11:20,1,4,0.5,,,,0,,,,
coho,2024-12-25,HPPDQ,2025-05-19 11:20,1,5,0.5,,,,0,,,,
coho,2024-12-25,HPPDQ,2025-05-19 11:20,1,6,0.5,,,,0,,,,
coho,2024-12-25,HPPDQ,2025-05-19 11:20,1,7,0.5,,,,0,,,,
coho,2024-12-25,HPPDQ,2025-05-19 11:20,1,8,0.5,,,,0,,,,
coho,2024-12-25,HPPDQ,2025-05-19 11:20,2,1,0.5,,,,0,,,,
coho,2024-12-25,HPPDQ,2025-05-19 11:20,2,2,0.5,,,,0,,,,
coho,2024-12-25,HPPDQ,2025-05-19 11:20,2,3,0.5,,,,0,,,,
coho,2024-12-25,HPPDQ,2025-05-19 11:20,2,4,0.5,,,,0,,,,
coho,2024-12-25,HPPDQ,2025-05-19 11:20,2,5,0.5,,,,0,,,,
coho,2024-12-25,HPPDQ,2025-05-19 11:20,2,6,0.5,,,,0,,,,
coho,2024-12-25,HPPDQ,2025-05-19 11:20,2,7,0.5,,,,0,,,,
coho,2024-12-25,HPPDQ,2025-05-19 11:20,2,8,0.5,,,,0,,,,
coho,2024-12-25,HPPDQ,2025-05-19 11:20,3,1,0.5,,,,0,,,,
coho,2024-12-25,HPPDQ,2025-05-19 11:20,3,2,0.5,,,,0,,,,
coho,2024-12-25,HPPDQ,2025-05-19 11:20,3,3,0.5,,,,0,,,,
coho,2024-12-25,HPPDQ,2025-05-19 11:20,3,4,0.5,,,,0,,,,
coho,2024-12-25,HPPDQ,2025-05-19 11:20,3,5,0.5,,,,0,,,,
coho,2024-12-25,HPPDQ,2025-05-19 11:20,3,6,0.5,,,,0,,,,
coho,2024-12-25,HPPDQ,2025-05-19 11:20,3,7,0.5,,,,0,,,,
coho,2024-12-25,HPPDQ,2025-05-19 11:20,3,8,0.5,,,,0,,,,
coho,2024-12-25,HPPDQ,2025-05-19 11:20,1,1,2,,,,0,,,,
coho,2024-12-25,HPPDQ,2025-05-19 11:20,1,2,2,,,,0,,,,
coho,2024-12-25,HPPDQ,2025-05-19 11:20,1,3,2,,,,0,,,,
coho,2024-12-25,HPPDQ,2025-05-19 11:20,1,4,2,,,,0,,,,
coho,2024-12-25,HPPDQ,2025-05-19 11:20,1,5,2,,,,0,,,,
coho,2024-12-25,HPPDQ,2025-05-19 11:20,1,6,2,,,,0,,,,
coho,2024-12-25,HPPDQ,2025-05-19 11:20,1,7,2,,,,0,,,,
coho,2024-12-25,HPPDQ,2025-05-19 11:20,1,8,2,,,,0,,,,
coho,2024-12-25,HPPDQ,2025-05-19 11:20,2,1,2,,,,0,,,,
coho,2024-12-25,HPPDQ,2025-05-19 11:20,2,2,2,,,,0,,,,
coho,2024-12-25,HPPDQ,2025-05-19 11:20,2,3,2,,,,0,,,,
coho,2024-12-25,HPPDQ,2025-05-19 11:20,2,4,2,,,,0,,,,
coho,2024-12-25,HPPDQ,2025-05-19 11:20,2,5,2,,,,0,,,,
coho,2024-12-25,HPPDQ,2025-05-19 11:20,2,6,2,,,,0,,,,
coho,2024-12-25,HPPDQ,2025-05-19 11:20,2,7,2,,,,0,,,,
coho,2024-12-25,HPPDQ,2025-05-19 11:20,2,8,2,,,,0,,,,
coho,2024-12-25,HPPDQ,2025-05-19 11:20,3,1,2,,,,0,,,,
coho,2024-12-25,HPPDQ,2025-05-19 11:20,3,2,2,,,,0,,,,
coho,2024-12-25,HPPDQ,2025-05-19 11:20,3,3,2,,,,0,,,,
coho,2024-12-25,HPPDQ,2025-05-19 11:20,3,4,2,,,,0,,,,
coho,2024-12-25,HPPDQ,2025-05-19 11:20,3,5,2,,,,0,,,,
coho,2024-12-25,HPPDQ,2025-05-19 11:20,3,6,2,,,,0,,,,
coho,2024-12-25,HPPDQ,2025-05-19 11:20,3,7,2,,,,0,,,,
coho,2024-12-25,HPPDQ,2025-05-19 11:20,3,8,2,,,,0,,,,
coho,2024-12-25,HPPDQ,2025-05-19 11:20,1,1,4,,,,0,,,,
coho,2024-12-25,HPPDQ,2025-05-19 11:20,1,2,4,,,,0,,,,
coho,2024-12-25,HPPDQ,2025-05-19 11:20,1,3,4,,,,0,,,,
coho,2024-12-25,HPPDQ,2025-05-19 11:20,1,4,4,,,,0,,,,
coho,2024-12-25,HPPDQ,2025-05-19 11:20,1,5,4,,,,0,,,,
coho,2024-12-25,HPPDQ,2025-05-19 11:20,1,6,4,,,,0,,,,
coho,2024-12-25,HPPDQ,2025-05-19 11:20,1,7,4,,,,0,,,,
coho,2024-12-25,HPPDQ,2025-05-19 11:20,1,8,4,,,,0,,,,
coho,2024-12-25,HPPDQ,2025-05-19 11:20,2,1,4,,,,0,,,,
coho,2024-12-25,HPPDQ,2025-05-19 11:20,2,2,4,,,,0,,,,
coho,2024-12-25,HPPDQ,2025-05-19 11:20,2,3,4,,,,0,,,,
coho,2024-12-25,HPPDQ,2025-05-19 11:20,2,4,4,,,,0,,,,
coho,2024-12-25,HPPDQ,2025-05-19 11:20,2,5,4,,,,0,,,,
coho,2024-12-25,HPPDQ,2025-05-19 11:20,2,6,4,,,,0,,,,
coho,2024-12-25,HPPDQ,2025-05-19 11:20,2,7,4,,,,0,,,,
coho,2024-12-25,HPPDQ,2025-05-19 11:20,2,8,4,,,,0,,,,
coho,2024-12-25,HPPDQ,2025-05-19 11:20,3,1,4,,,,0,,,,
coho,2024-12-25,HPPDQ,2025-05-19 11:20,3,2,4,,,,0,,,,
coho,2024-12-25,HPPDQ,2025-05-19 11:20,3,3,4,,,,0,,,,
coho,2024-12-25,HPPDQ,2025-05-19 11:20,3,4,4,,,,0,,,,
coho,2024-12-25,HPPDQ,2025-05-19 11:20,3,5,4,,,,0,,,,
coho,2024-12-25,HPPDQ,2025-05-19 11:20,3,6,4,,,,0,,,,
coho,2024-12-25,HPPDQ,2025-05-19 11:20,3,7,4,,,,0,,,,
coho,2024-12-25,HPPDQ,2025-05-19 11:20,3,8,4,,,,0,,,,
coho,2024-12-25,CPPDQ,2025-05-19 11:40,1,1,0,,,,0,,,,
coho,2024-12-25,CPPDQ,2025-05-19 11:40,1,2,0,,,,0,,,,
coho,2024-12-25,CPPDQ,2025-05-19 11:40,1,3,0,,,,0,,,,
coho,2024-12-25,CPPDQ,2025-05-19 11:40,1,4,0,,,,0,,,,
coho,2024-12-25,CPPDQ,2025-05-19 11:40,1,5,0,,,,0,,,,
coho,2024-12-25,CPPDQ,2025-05-19 11:40,1,6,0,,,,0,,,,
coho,2024-12-25,CPPDQ,2025-05-19 11:40,1,7,0,,,,0,,,,
coho,2024-12-25,CPPDQ,2025-05-19 11:40,1,8,0,,,,0,,,,
coho,2024-12-25,CPPDQ,2025-05-19 11:40,2,1,0,,,,0,,,,
coho,2024-12-25,CPPDQ,2025-05-19 11:40,2,2,0,,,,0,,,,
coho,2024-12-25,CPPDQ,2025-05-19 11:40,2,3,0,,,,0,,,,
coho,2024-12-25,CPPDQ,2025-05-19 11:40,2,4,0,,,,0,,,,
coho,2024-12-25,CPPDQ,2025-05-19 11:40,2,5,0,,,,0,,,,
coho,2024-12-25,CPPDQ,2025-05-19 11:40,2,6,0,,,,0,,,,
coho,2024-12-25,CPPDQ,2025-05-19 11:40,2,7,0,,,,0,,,,
coho,2024-12-25,CPPDQ,2025-05-19 11:40,2,8,0,,,,0,,,,
coho,2024-12-25,CPPDQ,2025-05-19 11:40,3,1,0,,,,0,,,,
coho,2024-12-25,CPPDQ,2025-05-19 11:40,3,2,0,,,,0,,,,
coho,2024-12-25,CPPDQ,2025-05-19 11:40,3,3,0,,,,0,,,,
coho,2024-12-25,CPPDQ,2025-05-19 11:40,3,4,0,,,,0,,,,
coho,2024-12-25,CPPDQ,2025-05-19 11:40,3,5,0,,,,0,,,,
coho,2024-12-25,CPPDQ,2025-05-19 11:40,3,6,0,,,,0,,,,
coho,2024-12-25,CPPDQ,2025-05-19 11:40,3,7,0,,,,0,,,,
coho,2024-12-25,CPPDQ,2025-05-19 11:40,3,8,0,,,,0,,,,
coho,2024-12-25,CPPDQ,2025-05-19 11:40,1,1,0.5,,,,0,,,,
coho,2024-12-25,CPPDQ,2025-05-19 11:40,1,2,0.5,,,,0,,,,
coho,2024-12-25,CPPDQ,2025-05-19 11:40,1,3,0.5,,,,0,,,,
coho,2024-12-25,CPPDQ,2025-05-19 11:40,1,4,0.5,,,,0,,,,
coho,2024-12-25,CPPDQ,2025-05-19 11:40,1,5,0.5,,,,0,,,,
coho,2024-12-25,CPPDQ,2025-05-19 11:40,1,6,0.5,,,,0,,,,
coho,2024-12-25,CPPDQ,2025-05-19 11:40,1,7,0.5,,,,0,,,,
coho,2024-12-25,CPPDQ,2025-05-19 11:40,1,8,0.5,,,,0,,,,
coho,2024-12-25,CPPDQ,2025-05-19 11:40,2,1,0.5,,,,0,,,,
coho,2024-12-25,CPPDQ,2025-05-19 11:40,2,2,0.5,,,,0,,,,
coho,2024-12-25,CPPDQ,2025-05-19 11:40,2,3,0.5,,,,0,,,,
coho,2024-12-25,CPPDQ,2025-05-19 11:40,2,4,0.5,,,,0,,,,
coho,2024-12-25,CPPDQ,2025-05-19 11:40,2,5,0.5,,,,0,,,,
coho,2024-12-25,CPPDQ,2025-05-19 11:40,2,6,0.5,,,,0,,,,
coho,2024-12-25,CPPDQ,2025-05-19 11:40,2,7,0.5,,,,0,,,,
coho,2024-12-25,CPPDQ,2025-05-19 11:40,2,8,0.5,,,,0,,,,
coho,2024-12-25,CPPDQ,2025-05-19 11:40,3,1,0.5,,,,0,,,,
coho,2024-12-25,CPPDQ,2025-05-19 11:40,3,2,0.5,,,,0,,,,
coho,2024-12-25,CPPDQ,2025-05-19 11:40,3,3,0.5,,,,0,,,,
coho,2024-12-25,CPPDQ,2025-05-19 11:40,3,4,0.5,,,,0,,,,
coho,2024-12-25,CPPDQ,2025-05-19 11:40,3,5,0.5,,,,0,,,,
coho,2024-12-25,CPPDQ,2025-05-19 11:40,3,6,0.5,,,,0,,,,
coho,2024-12-25,CPPDQ,2025-05-19 11:40,3,7,0.5,,,,0,,,,
coho,2024-12-25,CPPDQ,2025-05-19 11:40,3,8,0.5,,,,0,,,,
coho,2024-12-25,CPPDQ,2025-05-19 11:40,1,1,2,,,,0,,,,
coho,2024-12-25,CPPDQ,2025-05-19 11:40,1,2,2,,,,0,,,,
coho,2024-12-25,CPPDQ,2025-05-19 11:40,1,3,2,,,,0,,,,
coho,2024-12-25,CPPDQ,2025-05-19 11:40,1,4,2,,,,0,,,,
coho,2024-12-25,CPPDQ,2025-05-19 11:40,1,5,2,,,,0,,,,
coho,2024-12-25,CPPDQ,2025-05-19 11:40,1,6,2,,,,0,,,,
coho,2024-12-25,CPPDQ,2025-05-19 11:40,1,7,2,,,,0,,,,
coho,2024-12-25,CPPDQ,2025-05-19 11:40,1,8,2,,,,0,,,,
coho,2024-12-25,CPPDQ,2025-05-19 11:40,2,1,2,,,,0,,,,
coho,2024-12-25,CPPDQ,2025-05-19 11:40,2,2,2,,,,0,,,,
coho,2024-12-25,CPPDQ,2025-05-19 11:40,2,3,2,,,,0,,,,
coho,2024-12-25,CPPDQ,2025-05-19 11:40,2,4,2,,,,0,,,,
coho,2024-12-25,CPPDQ,2025-05-19 11:40,2,5,2,,,,0,,,,
coho,2024-12-25,CPPDQ,2025-05-19 11:40,2,6,2,,,,0,,,,
coho,2024-12-25,CPPDQ,2025-05-19 11:40,2,7,2,,,,0,,,,
coho,2024-12-25,CPPDQ,2025-05-19 11:40,2,8,2,,,,0,,,,
coho,2024-12-25,CPPDQ,2025-05-19 11:40,3,1,2,,,,0,,,,
coho,2024-12-25,CPPDQ,2025-05-19 11:40,3,2,2,,,,0,,,,
coho,2024-12-25,CPPDQ,2025-05-19 11:40,3,3,2,,,,0,,,,
coho,2024-12-25,CPPDQ,2025-05-19 11:40,3,4,2,,,,0,,,,
coho,2024-12-25,CPPDQ,2025-05-19 11:40,3,5,2,,,,0,,,,
coho,2024-12-25,CPPDQ,2025-05-19 11:40,3,6,2,,,,0,,,,
coho,2024-12-25,CPPDQ,2025-05-19 11:40,3,7,2,,,,0,,,,
coho,2024-12-25,CPPDQ,2025-05-19 11:40,3,8,2,,,,0,,,,
coho,2024-12-25,CPPDQ,2025-05-19 11:40,1,1,10,,1.11,5,0,init,fish,2.566,
coho,2024-12-25,CPPDQ,2025-05-19 11:40,1,2,10,,1.01,4.8,0,init,fish,2.566,
coho,2024-12-25,CPPDQ,2025-05-19 11:40,1,3,10,,0.97,4.9,0,init,fish,2.566,
coho,2024-12-25,CPPDQ,2025-05-19 11:40,1,4,10,,0.77,4.4,0,init,fish,2.566,
coho,2024-12-25,CPPDQ,2025-05-19 11:40,1,5,10,,0.83,4.5,0,init,fish,2.566,
coho,2024-12-25,CPPDQ,2025-05-19 11:40,1,6,10,,0.82,4.5,0,init,fish,2.566,
coho,2024-12-25,CPPDQ,2025-05-19 11:40,1,7,10,,1.24,5,0,init,fish,2.566,
coho,2024-12-25,CPPDQ,2025-05-19 11:40,1,8,10,,0.65,4.2,0,init,fish,2.566,
coho,2024-12-25,CPPDQ,2025-05-19 11:40,2,1,10,2025-05-20 10:41,0.88,4.5,1,init,fish,2.449,
coho,2024-12-25,CPPDQ,2025-05-19 11:40,2,2,10,2025-05-20 10:41,0.7,4.2,1,init,fish,2.449,
coho,2024-12-25,CPPDQ,2025-05-19 11:40,2,3,10,,0.76,4.2,0,init,fish,2.449,
coho,2024-12-25,CPPDQ,2025-05-19 11:40,2,4,10,,0.77,4.4,0,init,fish,2.449,
coho,2024-12-25,CPPDQ,2025-05-19 11:40,2,5,10,,0.86,4.6,0,init,fish,2.449,
coho,2024-12-25,CPPDQ,2025-05-19 11:40,2,6,10,,0.7,4.4,0,init,fish,2.449,
coho,2024-12-25,CPPDQ,2025-05-19 11:40,2,7,10,,0.52,3.9,0,init,fish,2.449,
coho,2024-12-25,CPPDQ,2025-05-19 11:40,2,8,10,,0.55,3.9,0,init,fish,2.449,
coho,2024-12-25,CPPDQ,2025-05-19 11:40,3,1,10,,,,0,init,fish,14.948,
coho,2024-12-25,CPPDQ,2025-05-19 11:40,3,2,10,,,,0,init,fish,14.948,
coho,2024-12-25,CPPDQ,2025-05-19 11:40,3,3,10,,,,0,init,fish,14.948,
coho,2024-12-25,CPPDQ,2025-05-19 11:40,3,4,10,,,,0,init,fish,14.948,
coho,2024-12-25,CPPDQ,2025-05-19 11:40,3,5,10,,,,0,init,fish,14.948,
coho,2024-12-25,CPPDQ,2025-05-19 11:40,3,6,10,,,,0,init,fish,14.948,
coho,2024-12-25,CPPDQ,2025-05-19 11:40,3,7,10,,,,0,init,fish,14.948,
coho,2024-12-25,CPPDQ,2025-05-19 11:40,3,8,10,,,,0,init,fish,14.948,
coho,2024-12-25,HPPDQ,2025-05-21 09:20,1,1,0.5,,,,0,,,,
coho,2024-12-25,HPPDQ,2025-05-21 09:20,1,2,0.5,,,,0,,,,
coho,2024-12-25,HPPDQ,2025-05-21 09:20,1,3,0.5,,,,0,,,,
coho,2024-12-25,HPPDQ,2025-05-21 09:20,1,4,0.5,,,,0,,,,
coho,2024-12-25,HPPDQ,2025-05-21 09:20,1,5,0.5,,,,0,,,,
coho,2024-12-25,HPPDQ,2025-05-21 09:20,1,6,0.5,,,,0,,,,
coho,2024-12-25,HPPDQ,2025-05-21 09:20,1,7,0.5,,,,0,,,,
coho,2024-12-25,HPPDQ,2025-05-21 09:20,1,8,0.5,,,,0,,,,
coho,2024-12-25,HPPDQ,2025-05-21 09:20,2,1,0.5,,,,0,,,,
coho,2024-12-25,HPPDQ,2025-05-21 09:20,2,2,0.5,,,,0,,,,
coho,2024-12-25,HPPDQ,2025-05-21 09:20,2,3,0.5,,,,0,,,,
coho,2024-12-25,HPPDQ,2025-05-21 09:20,2,4,0.5,,,,0,,,,
coho,2024-12-25,HPPDQ,2025-05-21 09:20,2,5,0.5,,,,0,,,,
coho,2024-12-25,HPPDQ,2025-05-21 09:20,2,6,0.5,,,,0,,,,
coho,2024-12-25,HPPDQ,2025-05-21 09:20,2,7,0.5,,,,0,,,,
coho,2024-12-25,HPPDQ,2025-05-21 09:20,2,8,0.5,,,,0,,,,
coho,2024-12-25,HPPDQ,2025-05-21 09:20,3,1,0.5,,,,0,,,,
coho,2024-12-25,HPPDQ,2025-05-21 09:20,3,2,0.5,,,,0,,,,
coho,2024-12-25,HPPDQ,2025-05-21 09:20,3,3,0.5,,,,0,,,,
coho,2024-12-25,HPPDQ,2025-05-21 09:20,3,4,0.5,,,,0,,,,
coho,2024-12-25,HPPDQ,2025-05-21 09:20,3,5,0.5,,,,0,,,,
coho,2024-12-25,HPPDQ,2025-05-21 09:20,3,6,0.5,,,,0,,,,
coho,2024-12-25,HPPDQ,2025-05-21 09:20,3,7,0.5,,,,0,,,,
coho,2024-12-25,HPPDQ,2025-05-21 09:20,3,8,0.5,,,,0,,,,
coho,2024-12-25,HPPDQ,2025-05-21 09:20,1,1,2,,,,0,,,,
coho,2024-12-25,HPPDQ,2025-05-21 09:20,1,2,2,,,,0,,,,
coho,2024-12-25,HPPDQ,2025-05-21 09:20,1,3,2,,,,0,,,,
coho,2024-12-25,HPPDQ,2025-05-21 09:20,1,4,2,,,,0,,,,
coho,2024-12-25,HPPDQ,2025-05-21 09:20,1,5,2,,,,0,,,,
coho,2024-12-25,HPPDQ,2025-05-21 09:20,1,6,2,,,,0,,,,
coho,2024-12-25,HPPDQ,2025-05-21 09:20,1,7,2,,,,0,,,,
coho,2024-12-25,HPPDQ,2025-05-21 09:20,1,8,2,,,,0,,,,
coho,2024-12-25,HPPDQ,2025-05-21 09:20,2,1,2,,,,0,,,,
coho,2024-12-25,HPPDQ,2025-05-21 09:20,2,2,2,,,,0,,,,
coho,2024-12-25,HPPDQ,2025-05-21 09:20,2,3,2,,,,0,,,,
coho,2024-12-25,HPPDQ,2025-05-21 09:20,2,4,2,,,,0,,,,
coho,2024-12-25,HPPDQ,2025-05-21 09:20,2,5,2,,,,0,,,,
coho,2024-12-25,HPPDQ,2025-05-21 09:20,2,6,2,,,,0,,,,
coho,2024-12-25,HPPDQ,2025-05-21 09:20,2,7,2,,,,0,,,,
coho,2024-12-25,HPPDQ,2025-05-21 09:20,2,8,2,,,,0,,,,
coho,2024-12-25,HPPDQ,2025-05-21 09:20,3,1,2,,,,0,,,,
coho,2024-12-25,HPPDQ,2025-05-21 09:20,3,2,2,,,,0,,,,
coho,2024-12-25,HPPDQ,2025-05-21 09:20,3,3,2,,,,0,,,,
coho,2024-12-25,HPPDQ,2025-05-21 09:20,3,4,2,,,,0,,,,
coho,2024-12-25,HPPDQ,2025-05-21 09:20,3,5,2,,,,0,,,,
coho,2024-12-25,HPPDQ,2025-05-21 09:20,3,6,2,,,,0,,,,
coho,2024-12-25,HPPDQ,2025-05-21 09:20,3,7,2,,,,0,,,,
coho,2024-12-25,HPPDQ,2025-05-21 09:20,3,8,2,,,,0,,,,
coho,2024-12-25,HPPDQ,2025-05-21 09:20,1,1,10,,,,0,init,fish,36.247,
coho,2024-12-25,HPPDQ,2025-05-21 09:20,1,2,10,,,,0,init,fish,36.247,
coho,2024-12-25,HPPDQ,2025-05-21 09:20,1,3,10,,,,0,init,fish,36.247,
coho,2024-12-25,HPPDQ,2025-05-21 09:20,1,4,10,,,,0,init,fish,36.247,
coho,2024-12-25,HPPDQ,2025-05-21 09:20,1,5,10,,,,0,init,fish,36.247,
coho,2024-12-25,HPPDQ,2025-05-21 09:20,1,6,10,,,,0,init,fish,36.247,
coho,2024-12-25,HPPDQ,2025-05-21 09:20,1,7,10,,,,0,init,fish,36.247,
coho,2024-12-25,HPPDQ,2025-05-21 09:20,1,8,10,,,,0,init,fish,36.247,
coho,2024-12-25,HPPDQ,2025-05-21 09:20,2,1,10,,,,0,init,fish,44.833,
coho,2024-12-25,HPPDQ,2025-05-21 09:20,2,2,10,,,,0,init,fish,44.833,
coho,2024-12-25,HPPDQ,2025-05-21 09:20,2,3,10,,,,0,init,fish,44.833,
coho,2024-12-25,HPPDQ,2025-05-21 09:20,2,4,10,,,,0,init,fish,44.833,
coho,2024-12-25,HPPDQ,2025-05-21 09:20,2,5,10,,,,0,init,fish,44.833,
coho,2024-12-25,HPPDQ,2025-05-21 09:20,2,6,10,,,,0,init,fish,44.833,
coho,2024-12-25,HPPDQ,2025-05-21 09:20,2,7,10,,,,0,init,fish,44.833,
coho,2024-12-25,HPPDQ,2025-05-21 09:20,2,8,10,,,,0,init,fish,44.833,
coho,2024-12-25,HPPDQ,2025-05-21 09:20,3,1,10,,,,0,init,fish,18.372,
coho,2024-12-25,HPPDQ,2025-05-21 09:20,3,2,10,,,,0,init,fish,18.372,
coho,2024-12-25,HPPDQ,2025-05-21 09:20,3,3,10,,,,0,init,fish,18.372,
coho,2024-12-25,HPPDQ,2025-05-21 09:20,3,4,10,,,,0,init,fish,18.372,
coho,2024-12-25,HPPDQ,2025-05-21 09:20,3,5,10,,,,0,init,fish,18.372,
coho,2024-12-25,HPPDQ,2025-05-21 09:20,3,6,10,,,,0,init,fish,18.372,
coho,2024-12-25,HPPDQ,2025-05-21 09:20,3,7,10,,,,0,init,fish,18.372,
coho,2024-12-25,HPPDQ,2025-05-21 09:20,3,8,10,,,,0,init,fish,18.372,
coho,2024-12-25,CPPDQ,2025-05-21 09:40,1,1,8,,,,0,,,,
coho,2024-12-25,CPPDQ,2025-05-21 09:40,1,2,8,,,,0,,,,
coho,2024-12-25,CPPDQ,2025-05-21 09:40,1,3,8,,,,0,,,,
coho,2024-12-25,CPPDQ,2025-05-21 09:40,1,4,8,,,,0,,,,
coho,2024-12-25,CPPDQ,2025-05-21 09:40,1,5,8,,,,0,,,,
coho,2024-12-25,CPPDQ,2025-05-21 09:40,1,6,8,,,,0,,,,
coho,2024-12-25,CPPDQ,2025-05-21 09:40,1,7,8,,,,0,,,,
coho,2024-12-25,CPPDQ,2025-05-21 09:40,1,8,8,,,,0,,,,
coho,2024-12-25,CPPDQ,2025-05-21 09:40,2,1,8,,,,0,,,,
coho,2024-12-25,CPPDQ,2025-05-21 09:40,2,2,8,,,,0,,,,
coho,2024-12-25,CPPDQ,2025-05-21 09:40,2,3,8,,,,0,,,,
coho,2024-12-25,CPPDQ,2025-05-21 09:40,2,4,8,,,,0,,,,
coho,2024-12-25,CPPDQ,2025-05-21 09:40,2,5,8,,,,0,,,,
coho,2024-12-25,CPPDQ,2025-05-21 09:40,2,6,8,,,,0,,,,
coho,2024-12-25,CPPDQ,2025-05-21 09:40,2,7,8,,,,0,,,,
coho,2024-12-25,CPPDQ,2025-05-21 09:40,2,8,8,,,,0,,,,
coho,2024-12-25,CPPDQ,2025-05-21 09:40,3,1,8,,,,0,,,,
coho,2024-12-25,CPPDQ,2025-05-21 09:40,3,2,8,,,,0,,,,
coho,2024-12-25,CPPDQ,2025-05-21 09:40,3,3,8,,,,0,,,,
coho,2024-12-25,CPPDQ,2025-05-21 09:40,3,4,8,,,,0,,,,
coho,2024-12-25,CPPDQ,2025-05-21 09:40,3,5,8,,,,0,,,,
coho,2024-12-25,CPPDQ,2025-05-21 09:40,3,6,8,,,,0,,,,
coho,2024-12-25,CPPDQ,2025-05-21 09:40,3,7,8,,,,0,,,,
coho,2024-12-25,CPPDQ,2025-05-21 09:40,3,8,8,,,,0,,,,
coho,2024-12-25,CPPDQ,2025-05-21 09:40,1,1,14,,,,0,,,,
coho,2024-12-25,CPPDQ,2025-05-21 09:40,1,2,14,,,,0,,,,
coho,2024-12-25,CPPDQ,2025-05-21 09:40,1,3,14,,,,0,,,,
coho,2024-12-25,CPPDQ,2025-05-21 09:40,1,4,14,,,,0,,,,
coho,2024-12-25,CPPDQ,2025-05-21 09:40,1,5,14,,,,0,,,,
coho,2024-12-25,CPPDQ,2025-05-21 09:40,1,6,14,,,,0,,,,
coho,2024-12-25,CPPDQ,2025-05-21 09:40,1,7,14,,,,0,,,,
coho,2024-12-25,CPPDQ,2025-05-21 09:40,1,8,14,,,,0,,,,
coho,2024-12-25,CPPDQ,2025-05-21 09:40,2,1,14,,,,0,,,,
coho,2024-12-25,CPPDQ,2025-05-21 09:40,2,2,14,,,,0,,,,
coho,2024-12-25,CPPDQ,2025-05-21 09:40,2,3,14,,,,0,,,,
coho,2024-12-25,CPPDQ,2025-05-21 09:40,2,4,14,,,,0,,,,
coho,2024-12-25,CPPDQ,2025-05-21 09:40,2,5,14,,,,0,,,,
coho,2024-12-25,CPPDQ,2025-05-21 09:40,2,6,14,,,,0,,,,
coho,2024-12-25,CPPDQ,2025-05-21 09:40,2,7,14,,,,0,,,,
coho,2024-12-25,CPPDQ,2025-05-21 09:40,2,8,14,,,,0,,,,
coho,2024-12-25,CPPDQ,2025-05-21 09:40,3,1,14,,,,0,,,,
coho,2024-12-25,CPPDQ,2025-05-21 09:40,3,2,14,,,,0,,,,
coho,2024-12-25,CPPDQ,2025-05-21 09:40,3,3,14,,,,0,,,,
coho,2024-12-25,CPPDQ,2025-05-21 09:40,3,4,14,,,,0,,,,
coho,2024-12-25,CPPDQ,2025-05-21 09:40,3,5,14,,,,0,,,,
coho,2024-12-25,CPPDQ,2025-05-21 09:40,3,6,14,,,,0,,,,
coho,2024-12-25,CPPDQ,2025-05-21 09:40,3,7,14,,,,0,,,,
coho,2024-12-25,CPPDQ,2025-05-21 09:40,3,8,14,,,,0,,,,
coho,2024-12-25,CPPDQ,2025-05-21 09:40,1,1,20,2025-05-22 07:30,0.84,4.4,1,,,,
coho,2024-12-25,CPPDQ,2025-05-21 09:40,1,2,20,2025-05-22 07:30,0.76,4.5,1,,,,
coho,2024-12-25,CPPDQ,2025-05-21 09:40,1,3,20,2025-05-22 07:30,0.67,4.3,1,,,,
coho,2024-12-25,CPPDQ,2025-05-21 09:40,1,4,20,,,,0,,,,
coho,2024-12-25,CPPDQ,2025-05-21 09:40,1,5,20,,,,0,,,,
coho,2024-12-25,CPPDQ,2025-05-21 09:40,1,6,20,,,,0,,,,
coho,2024-12-25,CPPDQ,2025-05-21 09:40,2,1,20,,,,0,,,,
coho,2024-12-25,CPPDQ,2025-05-21 09:40,2,2,20,,,,0,,,,
coho,2024-12-25,CPPDQ,2025-05-21 09:40,2,3,20,,,,0,,,,
coho,2024-12-25,CPPDQ,2025-05-21 09:40,2,4,20,,,,0,,,,
coho,2024-12-25,CPPDQ,2025-05-21 09:40,2,5,20,,,,0,,,,
coho,2024-12-25,CPPDQ,2025-05-21 09:40,2,6,20,,,,0,,,,
coho,2024-12-25,CPPDQ,2025-05-21 09:40,2,7,20,,,,0,,,,
coho,2024-12-25,CPPDQ,2025-05-21 09:40,2,8,20,,,,0,,,,
coho,2024-12-25,CPPDQ,2025-05-21 09:40,3,1,20,2025-05-22 07:30,0.97,4.4,1,,,,
coho,2024-12-25,CPPDQ,2025-05-21 09:40,3,2,20,2025-05-22 07:30,0.68,4.1,1,,,,
coho,2024-12-25,CPPDQ,2025-05-21 09:40,3,3,20,2025-05-22 07:30,0.77,4.2,1,,,,
coho,2024-12-25,CPPDQ,2025-05-21 09:40,3,4,20,2025-05-22 08:15,0.62,4.2,1,,,,
coho,2024-12-25,CPPDQ,2025-05-21 09:40,3,5,20,,,,0,,,,
coho,2024-12-25,CPPDQ,2025-05-21 09:40,3,6,20,,,,0,,,,
coho,2024-12-25,CPPDQ,2025-05-21 09:40,3,7,20,,,,0,,,,
coho,2024-12-25,CPPDQ,2025-05-21 09:40,3,8,20,,,,0,,,,