cell_type,chemical,endpoint,effect_concentration_ug_l,source_document,source_table,source_url,benchmark_6ppdq_ug_l,concentration_ratio_vs_6ppdq,interpretation
CSE-119,6PPDQ,EC5,1.33,Toxicity of 6PPD alternatives to salmonid cell lines,Table 2,https://www.ezview.wa.gov/Portals/_1962/Documents/6ppd/WDOE%20USGS%20Alts%20Final%20Report%20submitted.pdf,1.33,1.0,6PPDQ benchmark
CSE-119,6PPDQ,EC10,2.38,Toxicity of 6PPD alternatives to salmonid cell lines,Table 2,https://www.ezview.wa.gov/Portals/_1962/Documents/6ppd/WDOE%20USGS%20Alts%20Final%20Report%20submitted.pdf,2.38,1.0,6PPDQ benchmark
CSE-119,6PPDQ,EC20,4.38,Toxicity of 6PPD alternatives to salmonid cell lines,Table 2,https://www.ezview.wa.gov/Portals/_1962/Documents/6ppd/WDOE%20USGS%20Alts%20Final%20Report%20submitted.pdf,4.38,1.0,6PPDQ benchmark
CSE-119,7PPDQ,EC5,223.38,Toxicity of 6PPD alternatives to salmonid cell lines,Table 2,https://www.ezview.wa.gov/Portals/_1962/Documents/6ppd/WDOE%20USGS%20Alts%20Final%20Report%20submitted.pdf,1.33,167.9548872180451,168.0x higher concentration than 6PPDQ for the same EC5 effect
CSE-119,7PPDQ,EC10,315.83,Toxicity of 6PPD alternatives to salmonid cell lines,Table 2,https://www.ezview.wa.gov/Portals/_1962/Documents/6ppd/WDOE%20USGS%20Alts%20Final%20Report%20submitted.pdf,2.38,132.7016806722689,132.7x higher concentration than 6PPDQ for the same EC10 effect
CSE-119,7PPDQ,EC20,490.73,Toxicity of 6PPD alternatives to salmonid cell lines,Table 2,https://www.ezview.wa.gov/Portals/_1962/Documents/6ppd/WDOE%20USGS%20Alts%20Final%20Report%20submitted.pdf,4.38,112.03881278538813,112.0x higher concentration than 6PPDQ for the same EC20 effect
CSE-119,IPPDQ,EC5,147.85,Toxicity of 6PPD alternatives to salmonid cell lines,Table 2,https://www.ezview.wa.gov/Portals/_1962/Documents/6ppd/WDOE%20USGS%20Alts%20Final%20Report%20submitted.pdf,1.33,111.16541353383458,111.2x higher concentration than 6PPDQ for the same EC5 effect
CSE-119,IPPDQ,EC10,194.73,Toxicity of 6PPD alternatives to salmonid cell lines,Table 2,https://www.ezview.wa.gov/Portals/_1962/Documents/6ppd/WDOE%20USGS%20Alts%20Final%20Report%20submitted.pdf,2.38,81.81932773109244,81.8x higher concentration than 6PPDQ for the same EC10 effect
CSE-119,IPPDQ,EC20,408.01,Toxicity of 6PPD alternatives to salmonid cell lines,Table 2,https://www.ezview.wa.gov/Portals/_1962/Documents/6ppd/WDOE%20USGS%20Alts%20Final%20Report%20submitted.pdf,4.38,93.15296803652969,93.2x higher concentration than 6PPDQ for the same EC20 effect
