permutation,rmse,unpermuted_fixed_model_rmse
1,0.07906039460676449,0.05360206191401975
2,0.07946807837520706,0.05360206191401975
3,0.07824612237539194,0.05360206191401975
4,0.07927517551903222,0.05360206191401975
5,0.0761442638012385,0.05360206191401975
6,0.07907010876210782,0.05360206191401975
7,0.08016084759952272,0.05360206191401975
8,0.0779015181250585,0.05360206191401975
9,0.07897227675608583,0.05360206191401975
10,0.0784181222790009,0.05360206191401975
11,0.07793630331355564,0.05360206191401975
12,0.0791138670533725,0.05360206191401975
13,0.07696926518915667,0.05360206191401975
14,0.07674829473328341,0.05360206191401975
15,0.08120459637951244,0.05360206191401975
16,0.07693036956390066,0.05360206191401975
17,0.07885160197903261,0.05360206191401975
18,0.07995147140674347,0.05360206191401975
19,0.07748498193932316,0.05360206191401975
