candidate_id,short_name,candidate_class,role,evidence_readiness,next_decisive_test,has_discrete_identity,has_pubchem_structure,has_parent_cell_data,has_product_cell_data,has_product_invivo_data,source_url,matched_product_recorded_deaths,organism_warning
benchmark_6ppd,6PPD,PPD,benchmark,Priority evidence gap: organism test,Run a concentration-confirmed whole-fish salmonid test of the transformation product,True,True,True,True,False,https://www.usgs.gov/data/toxicity-6ppd-alternatives-salmonids,,No matched organism evidence
dtsc_7ppd,7PPD,PPD,official_candidate,Priority evidence gap: organism test,Run a concentration-confirmed whole-fish salmonid test of the transformation product,True,True,True,True,False,https://dtsc.ca.gov/scp/motor_vehicle_tires_containing_6ppd/,,No matched organism evidence
dtsc_ippd,IPPD,PPD,official_candidate,Ready for comparative testing,Identify and test the complete ozonated mixture against the purified product,True,True,True,True,True,https://dtsc.ca.gov/scp/motor_vehicle_tires_containing_6ppd/,129.0,Observed product mortality: investigate substitution hazard
dtsc_77pd,77PD,PPD,official_candidate,Priority evidence gap: organism test,Run a concentration-confirmed whole-fish salmonid test of the transformation product,True,True,True,True,False,https://dtsc.ca.gov/scp/motor_vehicle_tires_containing_6ppd/,,No matched organism evidence
dtsc_dopd,DOPD/ODPA,amine,official_candidate,Priority evidence gap: toxicity,Establish comparable parent performance and transformation-product toxicity evidence,True,True,False,False,False,https://dtsc.ca.gov/scp/motor_vehicle_tires_containing_6ppd/,,No matched organism evidence
dtsc_dtpd_mixture,DTPD/DPPD,PPD_mixture,official_candidate,Not assessable: identity,Resolve composition and identity before molecular modeling,False,False,False,False,False,https://dtsc.ca.gov/scp/motor_vehicle_tires_containing_6ppd/,,No matched organism evidence
dtsc_ccpd,CCPD,PPD,official_candidate,Ready for comparative testing,Identify and test the complete ozonated mixture against the purified product,True,True,True,True,True,https://dtsc.ca.gov/scp/motor_vehicle_tires_containing_6ppd/,0.0,No deaths in tested range; exposure and other hazards remain unresolved
dtsc_sirantox,Sirantox 3100,PPD,official_candidate,Priority evidence gap: toxicity,Establish comparable parent performance and transformation-product toxicity evidence,True,True,False,False,False,https://dtsc.ca.gov/scp/motor_vehicle_tires_containing_6ppd/,,No matched organism evidence
dtsc_graphene,Prophene,carbon_material,official_candidate,Not assessable: identity,Resolve composition and identity before molecular modeling,False,False,False,False,False,https://dtsc.ca.gov/scp/motor_vehicle_tires_containing_6ppd/,,No matched organism evidence
dtsc_lignin,Lignin,biopolymer,official_candidate,Not assessable: identity,Resolve composition and identity before molecular modeling,False,False,False,False,False,https://dtsc.ca.gov/scp/motor_vehicle_tires_containing_6ppd/,,No matched organism evidence
dtsc_octyl_gallate,Octyl gallate,gallate,official_candidate,Priority evidence gap: toxicity,Establish comparable parent performance and transformation-product toxicity evidence,True,True,False,False,False,https://dtsc.ca.gov/scp/motor_vehicle_tires_containing_6ppd/,,No matched organism evidence
dtsc_irganox_1520,Irganox 1520,hindered_phenol,official_candidate,Priority evidence gap: toxicity,Establish comparable parent performance and transformation-product toxicity evidence,True,True,False,False,False,https://dtsc.ca.gov/scp/motor_vehicle_tires_containing_6ppd/,,No matched organism evidence
dtsc_irganox_1076,Irganox 1076,hindered_phenol,official_candidate,Priority evidence gap: toxicity,Establish comparable parent performance and transformation-product toxicity evidence,True,True,False,False,False,https://dtsc.ca.gov/scp/motor_vehicle_tires_containing_6ppd/,,No matched organism evidence
dtsc_tadpt,TADPT,triazine,official_candidate,Priority evidence gap: toxicity,Establish comparable parent performance and transformation-product toxicity evidence,True,True,False,False,False,https://dtsc.ca.gov/scp/motor_vehicle_tires_containing_6ppd/,,No matched organism evidence
dtsc_vulkanzon,Vulkanzon AFS,acetal,official_candidate,Priority evidence gap: toxicity,Establish comparable parent performance and transformation-product toxicity evidence,True,True,False,False,False,https://dtsc.ca.gov/scp/motor_vehicle_tires_containing_6ppd/,,No matched organism evidence
dtsc_tmq,TMQ,quinoline_polymer,official_candidate,Not assessable: identity,Resolve composition and identity before molecular modeling,False,False,False,False,False,https://dtsc.ca.gov/scp/motor_vehicle_tires_containing_6ppd/,,No matched organism evidence
dtsc_ethoxyquin,Ethoxyquin,quinoline,official_candidate,Priority evidence gap: toxicity,Establish comparable parent performance and transformation-product toxicity evidence,True,True,False,False,False,https://dtsc.ca.gov/scp/motor_vehicle_tires_containing_6ppd/,,No matched organism evidence
dtsc_dltp,Dilauryl thiodipropionate,thioester,official_candidate,Priority evidence gap: toxicity,Establish comparable parent performance and transformation-product toxicity evidence,True,True,False,False,False,https://dtsc.ca.gov/scp/motor_vehicle_tires_containing_6ppd/,,No matched organism evidence
dtsc_nbc,NBC,metal_complex,official_candidate,Priority evidence gap: toxicity,Establish comparable parent performance and transformation-product toxicity evidence,True,True,False,False,False,https://dtsc.ca.gov/scp/motor_vehicle_tires_containing_6ppd/,,No matched organism evidence
dtsc_sp120,SP-120 DLD,phenol_mixture,official_candidate,Not assessable: identity,Resolve composition and identity before molecular modeling,False,False,False,False,False,https://dtsc.ca.gov/scp/motor_vehicle_tires_containing_6ppd/,,No matched organism evidence
dtsc_sa6000,SA 6000,proprietary,official_candidate,Not assessable: identity,Resolve composition and identity before molecular modeling,False,False,False,False,False,https://dtsc.ca.gov/scp/motor_vehicle_tires_containing_6ppd/,,No matched organism evidence
dtsc_l122,Antiozaid L122,thiourea_derivative,official_candidate,Not assessable: identity,Resolve composition and identity before molecular modeling,False,False,False,False,False,https://dtsc.ca.gov/scp/motor_vehicle_tires_containing_6ppd/,,No matched organism evidence
