candidate_id,preferred_name,short_name,casrn,candidate_class,role,usgs_parent_label,usgs_product_label,source_url,retrieval_date,identity_note,has_parent_cell_data,has_product_cell_data,has_product_invivo_data,has_discrete_identity,has_pubchem_structure,evidence_domains_n,evidence_readiness
benchmark_6ppd,"N-(1,3-dimethylbutyl)-N'-phenyl-p-phenylenediamine",6PPD,793-24-8,PPD,benchmark,6PPD,6PPDQ,https://www.usgs.gov/data/toxicity-6ppd-alternatives-salmonids,2026-07-27,USGS benchmark parent,True,True,False,True,True,3,Priority evidence gap: organism test
dtsc_7ppd,N-(5-methyl-2-hexyl)-N'-phenyl-p-phenylenediamine,7PPD,3081-01-4,PPD,official_candidate,7PPD,7PPDQ,https://dtsc.ca.gov/scp/motor_vehicle_tires_containing_6ppd/,2026-07-27,,True,True,False,True,True,3,Priority evidence gap: organism test
dtsc_ippd,N-isopropyl-N'-phenyl-p-phenylenediamine,IPPD,101-72-4,PPD,official_candidate,IPPD,IPPDQ,https://dtsc.ca.gov/scp/motor_vehicle_tires_containing_6ppd/,2026-07-27,,True,True,True,True,True,4,Ready for comparative testing
dtsc_77pd,"N,N'-bis(1,4-dimethylpentyl)-1,4-benzenediamine",77PD,3081-14-9,PPD,official_candidate,77PD,77PDQ,https://dtsc.ca.gov/scp/motor_vehicle_tires_containing_6ppd/,2026-07-27,,True,True,False,True,True,3,Priority evidence gap: organism test
dtsc_dopd,"4,4'-dioctyldiphenylamine",DOPD/ODPA,101-67-7,amine,official_candidate,,,https://dtsc.ca.gov/scp/motor_vehicle_tires_containing_6ppd/,2026-07-27,,False,False,False,True,True,1,Priority evidence gap: toxicity
dtsc_dtpd_mixture,"1,4-benzenediamine N,N'-mixed phenyl and tolyl derivatives",DTPD/DPPD,68953-84-4,PPD_mixture,official_candidate,,,https://dtsc.ca.gov/scp/motor_vehicle_tires_containing_6ppd/,2026-07-27,Mixture identity; not mapped to pure DPPD data,False,False,False,False,False,0,Not assessable: identity
dtsc_ccpd,"N,N'-dicyclohexyl-1,4-phenylenediamine",CCPD,4175-38-6,PPD,official_candidate,CCPD,CCPDQ,https://dtsc.ca.gov/scp/motor_vehicle_tires_containing_6ppd/,2026-07-27,,True,True,True,True,True,4,Ready for comparative testing
dtsc_sirantox,"N-(2-methylphenyl)-N'-phenyl-1,4-benzenediamine",Sirantox 3100,27173-16-6,PPD,official_candidate,,,https://dtsc.ca.gov/scp/motor_vehicle_tires_containing_6ppd/,2026-07-27,,False,False,False,True,True,1,Priority evidence gap: toxicity
dtsc_graphene,Specialized graphene,Prophene,1034343-98-0,carbon_material,official_candidate,,,https://dtsc.ca.gov/scp/motor_vehicle_tires_containing_6ppd/,2026-07-27,Material identity is not represented by one discrete molecule,False,False,False,False,False,0,Not assessable: identity
dtsc_lignin,Lignin,Lignin,9005-53-2,biopolymer,official_candidate,,,https://dtsc.ca.gov/scp/motor_vehicle_tires_containing_6ppd/,2026-07-27,Variable-composition polymer,False,False,False,False,False,0,Not assessable: identity
dtsc_octyl_gallate,Octyl gallate,Octyl gallate,1034-01-1,gallate,official_candidate,,,https://dtsc.ca.gov/scp/motor_vehicle_tires_containing_6ppd/,2026-07-27,,False,False,False,True,True,1,Priority evidence gap: toxicity
dtsc_irganox_1520,"2-methyl-4,6-bis(octylsulfanylmethyl)phenol",Irganox 1520,110553-27-0,hindered_phenol,official_candidate,,,https://dtsc.ca.gov/scp/motor_vehicle_tires_containing_6ppd/,2026-07-27,,False,False,False,True,True,1,Priority evidence gap: toxicity
dtsc_irganox_1076,"Octadecyl 3-(3,5-di-tert-butyl-4-hydroxyphenyl)propionate",Irganox 1076,2082-79-3,hindered_phenol,official_candidate,,,https://dtsc.ca.gov/scp/motor_vehicle_tires_containing_6ppd/,2026-07-27,,False,False,False,True,True,1,Priority evidence gap: toxicity
dtsc_tadpt,"1,3,5-triazine-2,4,6-triamine N2,N4,N6-tris[4-[(1,4-dimethylpentyl)amino]phenyl]",TADPT,121246-28-4,triazine,official_candidate,,,https://dtsc.ca.gov/scp/motor_vehicle_tires_containing_6ppd/,2026-07-27,,False,False,False,True,True,1,Priority evidence gap: toxicity
dtsc_vulkanzon,"3,9-di-3-cyclohexen-1-yl-2,4,6,10-tetraoxaspiro[5.5]undecane",Vulkanzon AFS,6600-31-3,acetal,official_candidate,,,https://dtsc.ca.gov/scp/motor_vehicle_tires_containing_6ppd/,2026-07-27,,False,False,False,True,True,1,Priority evidence gap: toxicity
dtsc_tmq,"2,2,4-trimethyl-1,2-dihydroquinoline polymer",TMQ,26780-96-1,quinoline_polymer,official_candidate,,,https://dtsc.ca.gov/scp/motor_vehicle_tires_containing_6ppd/,2026-07-27,Commercial oligomeric mixture,False,False,False,False,False,0,Not assessable: identity
dtsc_ethoxyquin,Ethoxyquin,Ethoxyquin,91-53-2,quinoline,official_candidate,,,https://dtsc.ca.gov/scp/motor_vehicle_tires_containing_6ppd/,2026-07-27,,False,False,False,True,True,1,Priority evidence gap: toxicity
dtsc_dltp,"Didodecyl 3,3'-thiodipropionate",Dilauryl thiodipropionate,123-28-4,thioester,official_candidate,,,https://dtsc.ca.gov/scp/motor_vehicle_tires_containing_6ppd/,2026-07-27,,False,False,False,True,True,1,Priority evidence gap: toxicity
dtsc_nbc,Nickel dibutyldithiocarbamate,NBC,13927-77-0,metal_complex,official_candidate,,,https://dtsc.ca.gov/scp/motor_vehicle_tires_containing_6ppd/,2026-07-27,,False,False,False,True,True,1,Priority evidence gap: toxicity
dtsc_sp120,Styrenated phenol,SP-120 DLD,61788-44-1,phenol_mixture,official_candidate,,,https://dtsc.ca.gov/scp/motor_vehicle_tires_containing_6ppd/,2026-07-27,Commercial mixture,False,False,False,False,False,0,Not assessable: identity
dtsc_sa6000,SA 6000,SA 6000,,proprietary,official_candidate,,,https://dtsc.ca.gov/scp/motor_vehicle_tires_containing_6ppd/,2026-07-27,No CASRN disclosed by source,False,False,False,False,False,0,Not assessable: identity
dtsc_l122,Antiozaid L122,Antiozaid L122,,thiourea_derivative,official_candidate,,,https://dtsc.ca.gov/scp/motor_vehicle_tires_containing_6ppd/,2026-07-27,No CASRN disclosed by source,False,False,False,False,False,0,Not assessable: identity
