chemical,concentration_basis,n_tanks,n_fish,max_tested_ug_l,lc50_ug_l,lc50_ci_low,lc50_ci_high,bootstrap_valid_n,bootstrap_requested_n,status,interpretation
CCPDQ,nominal,18,144,50.0,,,,0,300,LC50 not bracketed; no extrapolated estimate,24h coho; zero-dose controls excluded from log fit; tanks resampled within nominal dose/run; no independent study replication
CCPDQ,measured_unqualified,9,72,222.87,,,,0,300,LC50 not bracketed; no extrapolated estimate,24h coho; zero-dose controls excluded from log fit; tanks resampled within nominal dose/run; no independent study replication
CPPDQ,nominal,18,142,20.0,,,,0,300,LC50 not bracketed; no extrapolated estimate,24h coho; zero-dose controls excluded from log fit; tanks resampled within nominal dose/run; no independent study replication
CPPDQ,measured_unqualified,3,24,14.948,,,,0,300,LC50 not bracketed; no extrapolated estimate,24h coho; zero-dose controls excluded from log fit; tanks resampled within nominal dose/run; no independent study replication
DPPDQ,nominal,9,72,10.0,,,,0,300,LC50 not bracketed; no extrapolated estimate,24h coho; zero-dose controls excluded from log fit; tanks resampled within nominal dose/run; no independent study replication
DPPDQ,measured_unqualified,0,0,,,,,0,300,LC50 not bracketed; no extrapolated estimate,24h coho; zero-dose controls excluded from log fit; tanks resampled within nominal dose/run; no independent study replication
HPPDQ,nominal,18,144,10.0,,,,0,300,LC50 not bracketed; no extrapolated estimate,24h coho; zero-dose controls excluded from log fit; tanks resampled within nominal dose/run; no independent study replication
HPPDQ,measured_unqualified,3,24,44.833,,,,0,300,LC50 not bracketed; no extrapolated estimate,24h coho; zero-dose controls excluded from log fit; tanks resampled within nominal dose/run; no independent study replication
IPPDQ,nominal,36,288,2.0,0.8713826474564079,0.8095635006356229,0.9318935874997692,300,300,Fitted within tested range,24h coho; zero-dose controls excluded from log fit; tanks resampled within nominal dose/run; no independent study replication
IPPDQ,measured_unqualified,19,152,1.388,0.7849514438401556,0.713577928152475,0.8493427840586508,300,300,Fitted within tested range,24h coho; zero-dose controls excluded from log fit; tanks resampled within nominal dose/run; no independent study replication
OPPDQ,nominal,9,72,10.0,,,,0,300,LC50 not bracketed; no extrapolated estimate,24h coho; zero-dose controls excluded from log fit; tanks resampled within nominal dose/run; no independent study replication
OPPDQ,measured_unqualified,3,24,274.486,,,,0,300,LC50 not bracketed; no extrapolated estimate,24h coho; zero-dose controls excluded from log fit; tanks resampled within nominal dose/run; no independent study replication
