chemical,concentration_basis,concentration_ug_l,predicted_mortality
IPPDQ,nominal,0.1,0.0005512693476961946
IPPDQ,nominal,0.1030722406522087,0.0006121832340673906
IPPDQ,nominal,0.10623886793066824,0.0006798233744763202
IPPDQ,nominal,0.10950278161968055,0.0007549314301607938
IPPDQ,nominal,0.11286697059189969,0.0008383305917645146
IPPDQ,nominal,0.11633451554534047,0.00093093448368705
IPPDQ,nominal,0.11990859182447447,0.0010337570273942283
IPPDQ,nominal,0.12359247232799699,0.0011479233637947909
IPPDQ,nominal,0.1273895305059275,0.0012746819444903498
IPPDQ,nominal,0.1313032434487884,0.0014154179121661043
IPPDQ,nominal,0.13533719507169065,0.0015716679016220356
IPPDQ,nominal,0.13949507939624212,0.0017451364049468425
IPPDQ,nominal,0.14378070393328427,0.0019377138570884933
IPPDQ,nominal,0.14819799316955443,0.00215149661152901
IPPDQ,nominal,0.15275099216146698,0.002388808989846592
IPPDQ,nominal,0.15744387023930367,0.0026522276035211025
IPPDQ,nominal,0.1622809248252063,0.002944608161231254
IPPDQ,nominal,0.1672665853684665,0.0032691149898533096
IPPDQ,nominal,0.17240541740171794,0.003629253512067474
IPPDQ,nominal,0.17770212672174357,0.0040289059374624915
IPPDQ,nominal,0.18316156369872846,0.004472370436723599
IPPDQ,nominal,0.18878872771790187,0.004964404079148193
IPPDQ,nominal,0.19458877175763892,0.00551026982141213
IPPDQ,nominal,0.20056700710821065,0.006115787839017377
IPPDQ,nominal,0.2067289082355074,0.00678739148970597
IPPDQ,nominal,0.2130801177941859,0.007532188188491494
IPPDQ,nominal,0.21962645179483306,0.00835802545459172
IPPDQ,nominal,0.22637390492987747,0.009273562358708383
IPPDQ,nominal,0.23332865606312544,0.010288346551497162
IPPDQ,nominal,0.240497073887949,0.011412896986759602
IPPDQ,nominal,0.24788572275930698,0.012658792361198117
IPPDQ,nominal,0.2555013687049398,0.014038765171032721
IPPDQ,nominal,0.26335098562124254,0.015566801128038479
IPPDQ,nominal,0.2714417616594907,0.017258243476377298
IPPDQ,nominal,0.279781105808265,0.019129901498813027
IPPDQ,nominal,0.2883766546781056,0.021200162187527728
IPPDQ,nominal,0.29723627949460585,0.023489103671143204
IPPDQ,nominal,0.3063680933063518,0.026018608525663973
IPPDQ,nominal,0.3157804584143062,0.028812474542975808
IPPDQ,nominal,0.3254819940294415,0.03189651987715793
IPPDQ,nominal,0.3354815841656335,0.03529867872895845
IPPDQ,nominal,0.34578838577504384,0.039049082858360416
IPPDQ,nominal,0.356411837133441,0.04318012323538761
IPPDQ,nominal,0.36736166648313845,0.04772648505884673
IPPDQ,nominal,0.3786479009414648,0.05272514821075999
IPPDQ,nominal,0.3902808756829234,0.0582153440040178
IPPDQ,nominal,0.4022712434034503,0.06423845787354894
IPPDQ,nominal,0.4146299840754365,0.07083786653070466
IPPDQ,nominal,0.42736841500244843,0.0780586971468189
IPPDQ,nominal,0.44049820118285365,0.08594749548543294
IPPDQ,nominal,0.45403136599184135,0.09455178972597991
IPPDQ,nominal,0.4679803021916212,0.10391953720876
IPPDQ,nominal,0.48235778327988127,0.11409844270216048
IPPDQ,nominal,0.4971769751868985,0.1251351392842289
IPPDQ,nominal,0.5124514483320121,0.137074226774819
IPPDQ,nominal,0.5281951900505003,0.14995716805390186
IPPDQ,nominal,0.5444226174022428,0.1638210506905991
IPPDQ,nominal,0.5611485903738932,0.17869723010616695
IPPDQ,nominal,0.578388425486656,0.19460988085648692
IPPDQ,nominal,0.5961579098221269,0.21157449418144778
IPPDQ,nominal,0.6144733154790399,0.22959637210533818
IPPDQ,nominal,0.6333514144741617,0.24866918017807987
IPPDQ,nominal,0.6528094941009757,0.26877363124943354
IPPDQ,nominal,0.6728653727602238,0.28987638009195604
IPPDQ,nominal,0.6935374162767991,0.3119292117765002
IPPDQ,nominal,0.7148445547179327,0.3348686040961095
IPPDQ,nominal,0.7368062997280774,0.35861573498888316
IPPDQ,nominal,0.7594427623963581,0.38307698934300605
IPPDQ,nominal,0.7827746716729558,0.40814499605990606
IPPDQ,nominal,0.8068233933512855,0.43370019698643725
IPPDQ,nominal,0.8316109496333534,0.4596129163936248
IPPDQ,nominal,0.8571600392962081,0.48574586592629587
IPPDQ,nominal,0.8834940584779543,0.5119569886759452
IPPDQ,nominal,0.9106371221023625,0.5381025205625933
IPPDQ,nominal,0.9386140859616947,0.5640401304139295
IPPDQ,nominal,0.967450569477967,0.5896319939584111
IPPDQ,nominal,0.9971729791634937,0.6147476621347316
IPPDQ,nominal,1.0278085328021949,0.6392666000480645
IPPDQ,nominal,1.059385284373814,0.6630802977142107
IPPDQ,nominal,1.0919321497438628,0.6860938846253825
IPPDQ,nominal,1.1254789331428305,0.7082272138426439
IPPDQ,nominal,1.160056354458889,0.7294154144483002
IPPDQ,nominal,1.1956960773691057,0.7496089408743323
IPPDQ,nominal,1.2324307383349038,0.7687731716958329
IPPDQ,nominal,1.2702939764883447,0.7868876276780148
IPPDQ,nominal,1.309320464436578,0.8039448888342653
IPPDQ,nominal,1.3495459400126866,0.8199492934162084
IPPDQ,nominal,1.391007239001988,0.8349154991166952
IPPDQ,nominal,1.4337423288737734,0.8488669796649055
IPPDQ,nominal,1.4777903435493567,0.8618345198856208
IPPDQ,nominal,1.523191619238295,0.8738547605704213
IPPDQ,nominal,1.5699877313755697,0.8849688323605102
IPPDQ,nominal,1.6182215326935794,0.8952211061996439
IPPDQ,nominal,1.6679371924637858,0.9046580774300456
IPPDQ,nominal,1.7191802369439673,0.9133273916597621
IPPDQ,nominal,1.7719975910680972,0.921277013289804
IPPDQ,nominal,1.82643762141705,0.9285545320459655
IPPDQ,nominal,1.8825501805094587,0.9352065988871249
IPPDQ,nominal,1.940386652453298,0.9412784800611471
IPPDQ,nominal,2.0,0.9468137166197216
IPPDQ,measured_unqualified,0.383,0.0586714024971385
IPPDQ,measured_unqualified,0.38801379367679384,0.061511975579129415
IPPDQ,measured_unqualified,0.3930932221500197,0.06448065437457105
IPPDQ,measured_unqualified,0.39823914463463145,0.06758228954342765
IPPDQ,measured_unqualified,0.4034524315934328,0.070821824446741
IPPDQ,measured_unqualified,0.4087339648843212,0.0742042873166936
IPPDQ,measured_unqualified,0.4140846379094593,0.07773478223370904
IPPDQ,measured_unqualified,0.4195053557663991,0.08141847883252076
IPPDQ,measured_unqualified,0.4249970354011843,0.08526060066034404
IPPDQ,measured_unqualified,0.43056060576345734,0.08926641211257957
IPPDQ,measured_unqualified,0.4361970079635966,0.09344120387503242
IPPDQ,measured_unqualified,0.4419071954319107,0.09779027680658128
IPPDQ,measured_unqualified,0.44769213407991654,0.10231892420275615
IPPDQ,measured_unqualified,0.45355280246372914,0.10703241238891997
IPPDQ,measured_unqualified,0.45949019194959023,0.11193595960186131
IPPDQ,measured_unqualified,0.4655053068815632,0.11703471313073055
IPPDQ,measured_unqualified,0.4715991647514242,0.12233372470251412
IPPDQ,measured_unqualified,0.4777727963707765,0.12783792411375092
IPPDQ,measured_unqualified,0.48402724604541864,0.13355209112902322
IPPDQ,measured_unqualified,0.4903635717519943,0.13948082568795
IPPDQ,measured_unqualified,0.49678284531695566,0.14562851648596312
IPPDQ,measured_unqualified,0.503286152597869,0.15199930802001244
IPPDQ,measured_unqualified,0.5098745936670939,0.15859706621840172
IPPDQ,measured_unqualified,0.5165492829978665,0.16542534280403362
IPPDQ,measured_unqualified,0.5233113496528197,0.17248733857216839
IPPDQ,measured_unqualified,0.5301619374749705,0.17978586579705683
IPPDQ,measured_unqualified,0.5371022052812076,0.18732331001604338
IPPDQ,measured_unqualified,0.544133327058312,0.19510159147446676
IPPDQ,measured_unqualified,0.5512564921615437,0.20312212654926662
IPPDQ,measured_unqualified,0.5584729055158286,0.21138578950297748
IPPDQ,measured_unqualified,0.5657837878195778,0.21989287495194293
IPPDQ,measured_unqualified,0.5731903757511765,0.22864306146228386
IPPDQ,measured_unqualified,0.5806939221781747,0.23763537671347187
IPPDQ,measured_unqualified,0.588295696369218,0.24686816469134756
IPPDQ,measured_unqualified,0.5959969842087507,0.2563390553890985
IPPDQ,measured_unqualified,0.6037990884145316,0.26604493750511204
IPPDQ,measured_unqualified,0.6117033287579954,0.2759819346298019
IPPDQ,measured_unqualified,0.6197110422875008,0.28614538540863277
IPPDQ,measured_unqualified,0.6278235835544993,0.2965298281548649
IPPDQ,measured_unqualified,0.6360423248426654,0.30712899036243657
IPPDQ,measured_unqualified,0.6443686564000268,0.3179357835364495
IPPDQ,measured_unqualified,0.6528039866741329,0.3289423037157545
IPPDQ,measured_unqualified,0.6613497425503015,0.3401398380091791
IPPDQ,measured_unqualified,0.6700073695929855,0.35151887740435
IPPDQ,measured_unqualified,0.6787783322902977,0.3630691360364484
IPPDQ,measured_unqualified,0.6876641143017383,0.3747795770245239
IPPDQ,measured_unqualified,0.6966662187091643,0.3866384448964244
IPPDQ,measured_unqualified,0.7057861682710439,0.39863330453144885
IPPDQ,measured_unqualified,0.7150255056800411,0.41075108645430436
IPPDQ,measured_unqualified,0.7243857938239704,0.4229781382167776
IPPDQ,measured_unqualified,0.7338686160501686,0.43530028150690725
IPPDQ,measured_unqualified,0.7434755764333274,0.4477028745315676
IPPDQ,measured_unqualified,0.7532083000468315,0.4601708791295514
IPPDQ,measured_unqualified,0.76306843323765,0.4726889319906881
IPPDQ,measured_unqualified,0.7730576439048248,0.4852414192843677
IPPDQ,measured_unqualified,0.7831776217816059,0.49781255393997514
IPPDQ,measured_unqualified,0.7934300787212796,0.510386454773826
IPPDQ,measured_unqualified,0.8038167489867386,0.5229472266235266
IPPDQ,measured_unqualified,0.8143393895438423,0.5354790406322268
IPPDQ,measured_unqualified,0.8249997803586181,0.5479662138224791
IPPDQ,measured_unqualified,0.8357997246983526,0.5603932871124465
IPPDQ,measured_unqualified,0.8467410494366259,0.5727451009556674
IPPDQ,measured_unqualified,0.8578256053623365,0.5850068678286648
IPPDQ,measured_unqualified,0.869055267492774,0.5971642408472269
IPPDQ,measured_unqualified,0.8804319353907888,0.6092033778606228
IPPDQ,measured_unqualified,0.8919575334861144,0.6211110004515302
IPPDQ,measured_unqualified,0.9036340114008958,0.632874447356001
IPPDQ,measured_unqualified,0.91546334427948,0.6444817219101582
IPPDQ,measured_unqualified,0.9274475331225218,0.6559215332262514
IPPDQ,measured_unqualified,0.9395886051254663,0.6671833308979214
IPPDQ,measured_unqualified,0.9518886140214602,0.678257333130862
IPPDQ,measured_unqualified,0.9643496404287523,0.6891345482884669
IPPDQ,measured_unqualified,0.9769737922026428,0.699806789930682
IPPDQ,measured_unqualified,0.9897632047920395,0.7102666855065322
IPPDQ,measured_unqualified,1.0027200416006805,0.7205076789353391
IPPDQ,measured_unqualified,1.015846494353088,0.7305240273774709
IPPDQ,measured_unqualified,1.0291447834653091,0.7403107925518141
IPPDQ,measured_unqualified,1.0426171584205146,0.7498638270036305
IPPDQ,measured_unqualified,1.056265898149511,0.7591797557628774
IPPDQ,measured_unqualified,1.0700933114162343,0.7682559538595712
IPPDQ,measured_unqualified,1.084101737208292,0.7770905201796885
IPPDQ,measured_unqualified,1.0982935451326161,0.7856822481529594
IPPDQ,measured_unqualified,1.1126711358162962,0.7940305937634412
IPPDQ,measured_unqualified,1.1272369413126586,0.802135641365767
IPPDQ,measured_unqualified,1.1419934255126634,0.8099980677753604
IPPDQ,measured_unqualified,1.1569430845616857,0.8176191050806605
IPPDQ,measured_unqualified,1.172088447281753,0.8250005026004761
IPPDQ,measured_unqualified,1.1874320755993102,0.8321444883809592
IPPDQ,measured_unqualified,1.2029765649785844,0.8390537305952912
IPPDQ,measured_unqualified,1.2187245448606232,0.8457312991758694
IPPDQ,measured_unqualified,1.234678679108079,0.8521806279743995
IPPDQ,measured_unqualified,1.2508416664558188,0.858405477710552
IPPDQ,measured_unqualified,1.2672162409674286,0.8644098999353581
IPPDQ,measured_unqualified,1.2838051724976973,0.8701982022018863
IPPDQ,measured_unqualified,1.300611267161155,0.8757749146033583
IPPDQ,measured_unqualified,1.3176373678067406,0.8811447578081589
IPPDQ,measured_unqualified,1.3348863544986904,0.8863126126924008
IPPDQ,measured_unqualified,1.352361145003714,0.8912834916440685
IPPDQ,measured_unqualified,1.3700646952845528,0.8960625115883949
IPPDQ,measured_unqualified,1.388,0.9006548687621089
