species,exposure_chemical,exposure_start,nominal_conc,tank_replicate,fish_n,deaths,measured_conc,qualified,flags,observed_mortality,tank_id,measured_nominal_ratio
coho,CCPDQ,2025-05-13 10:20,0.0,1,8,0,0.0,True,<LOD,0.0,coho|CCPDQ|2025-05-13 10:20|0.0|1,
coho,CCPDQ,2025-05-13 10:20,0.0,2,8,0,0.0,True,<LOD,0.0,coho|CCPDQ|2025-05-13 10:20|0.0|2,
coho,CCPDQ,2025-05-13 10:20,0.0,3,8,0,,False,,0.0,coho|CCPDQ|2025-05-13 10:20|0.0|3,
coho,CCPDQ,2025-05-13 10:20,0.5,1,8,0,1.115,True,E,0.0,coho|CCPDQ|2025-05-13 10:20|0.5|1,2.23
coho,CCPDQ,2025-05-13 10:20,0.5,2,8,0,1.603,True,E,0.0,coho|CCPDQ|2025-05-13 10:20|0.5|2,3.206
coho,CCPDQ,2025-05-13 10:20,0.5,3,8,0,1.171,True,E,0.0,coho|CCPDQ|2025-05-13 10:20|0.5|3,2.342
coho,CCPDQ,2025-05-13 10:20,2.0,1,8,0,22.461,False,,0.0,coho|CCPDQ|2025-05-13 10:20|2.0|1,11.2305
coho,CCPDQ,2025-05-13 10:20,2.0,2,8,0,24.214,False,,0.0,coho|CCPDQ|2025-05-13 10:20|2.0|2,12.107
coho,CCPDQ,2025-05-13 10:20,2.0,3,8,0,23.249,False,,0.0,coho|CCPDQ|2025-05-13 10:20|2.0|3,11.6245
coho,CCPDQ,2025-05-13 10:20,10.0,1,8,0,222.87,False,,0.0,coho|CCPDQ|2025-05-13 10:20|10.0|1,22.287
coho,CCPDQ,2025-05-13 10:20,10.0,2,8,0,134.004,False,,0.0,coho|CCPDQ|2025-05-13 10:20|10.0|2,13.4004
coho,CCPDQ,2025-05-13 10:20,10.0,3,8,0,146.007,False,,0.0,coho|CCPDQ|2025-05-13 10:20|10.0|3,14.6007
coho,CCPDQ,2025-05-15 09:45,10.0,1,8,0,222.87,False,,0.0,coho|CCPDQ|2025-05-15 09:45|10.0|1,22.287
coho,CCPDQ,2025-05-15 09:45,10.0,2,8,0,134.004,False,,0.0,coho|CCPDQ|2025-05-15 09:45|10.0|2,13.4004
coho,CCPDQ,2025-05-15 09:45,10.0,3,8,0,146.007,False,,0.0,coho|CCPDQ|2025-05-15 09:45|10.0|3,14.6007
coho,CCPDQ,2025-05-15 09:45,25.0,1,8,0,,False,,0.0,coho|CCPDQ|2025-05-15 09:45|25.0|1,
coho,CCPDQ,2025-05-15 09:45,25.0,2,8,0,,False,,0.0,coho|CCPDQ|2025-05-15 09:45|25.0|2,
coho,CCPDQ,2025-05-15 09:45,25.0,3,8,0,,False,,0.0,coho|CCPDQ|2025-05-15 09:45|25.0|3,
coho,CCPDQ,2025-05-15 09:45,50.0,1,8,0,,False,,0.0,coho|CCPDQ|2025-05-15 09:45|50.0|1,
coho,CCPDQ,2025-05-15 09:45,50.0,2,8,0,,False,,0.0,coho|CCPDQ|2025-05-15 09:45|50.0|2,
coho,CCPDQ,2025-05-15 09:45,50.0,3,8,0,,False,,0.0,coho|CCPDQ|2025-05-15 09:45|50.0|3,
coho,CPPDQ,2025-05-19 11:40,0.0,1,8,0,,False,,0.0,coho|CPPDQ|2025-05-19 11:40|0.0|1,
coho,CPPDQ,2025-05-19 11:40,0.0,2,8,0,,False,,0.0,coho|CPPDQ|2025-05-19 11:40|0.0|2,
coho,CPPDQ,2025-05-19 11:40,0.0,3,8,0,,False,,0.0,coho|CPPDQ|2025-05-19 11:40|0.0|3,
coho,CPPDQ,2025-05-19 11:40,0.5,1,8,0,,False,,0.0,coho|CPPDQ|2025-05-19 11:40|0.5|1,
coho,CPPDQ,2025-05-19 11:40,0.5,2,8,0,,False,,0.0,coho|CPPDQ|2025-05-19 11:40|0.5|2,
coho,CPPDQ,2025-05-19 11:40,0.5,3,8,0,,False,,0.0,coho|CPPDQ|2025-05-19 11:40|0.5|3,
coho,CPPDQ,2025-05-19 11:40,2.0,1,8,0,,False,,0.0,coho|CPPDQ|2025-05-19 11:40|2.0|1,
coho,CPPDQ,2025-05-19 11:40,2.0,2,8,0,,False,,0.0,coho|CPPDQ|2025-05-19 11:40|2.0|2,
coho,CPPDQ,2025-05-19 11:40,2.0,3,8,0,,False,,0.0,coho|CPPDQ|2025-05-19 11:40|2.0|3,
coho,CPPDQ,2025-05-19 11:40,10.0,1,8,0,2.566,False,,0.0,coho|CPPDQ|2025-05-19 11:40|10.0|1,0.2566
coho,CPPDQ,2025-05-19 11:40,10.0,2,8,2,2.449,False,,0.25,coho|CPPDQ|2025-05-19 11:40|10.0|2,0.24489999999999998
coho,CPPDQ,2025-05-19 11:40,10.0,3,8,0,14.948,False,,0.0,coho|CPPDQ|2025-05-19 11:40|10.0|3,1.4948000000000001
coho,CPPDQ,2025-05-21 09:40,8.0,1,8,0,,False,,0.0,coho|CPPDQ|2025-05-21 09:40|8.0|1,
coho,CPPDQ,2025-05-21 09:40,8.0,2,8,0,,False,,0.0,coho|CPPDQ|2025-05-21 09:40|8.0|2,
coho,CPPDQ,2025-05-21 09:40,8.0,3,8,0,,False,,0.0,coho|CPPDQ|2025-05-21 09:40|8.0|3,
coho,CPPDQ,2025-05-21 09:40,14.0,1,8,0,,False,,0.0,coho|CPPDQ|2025-05-21 09:40|14.0|1,
coho,CPPDQ,2025-05-21 09:40,14.0,2,8,0,,False,,0.0,coho|CPPDQ|2025-05-21 09:40|14.0|2,
coho,CPPDQ,2025-05-21 09:40,14.0,3,8,0,,False,,0.0,coho|CPPDQ|2025-05-21 09:40|14.0|3,
coho,CPPDQ,2025-05-21 09:40,20.0,1,6,3,,False,,0.5,coho|CPPDQ|2025-05-21 09:40|20.0|1,
coho,CPPDQ,2025-05-21 09:40,20.0,2,8,0,,False,,0.0,coho|CPPDQ|2025-05-21 09:40|20.0|2,
coho,CPPDQ,2025-05-21 09:40,20.0,3,8,4,,False,,0.5,coho|CPPDQ|2025-05-21 09:40|20.0|3,
coho,DPPDQ,2025-05-08 11:20,0.0,1,8,0,0.0,True,<LOD,0.0,coho|DPPDQ|2025-05-08 11:20|0.0|1,
coho,DPPDQ,2025-05-08 11:20,0.0,2,8,0,0.0,True,<LOD,0.0,coho|DPPDQ|2025-05-08 11:20|0.0|2,
coho,DPPDQ,2025-05-08 11:20,0.0,3,8,0,0.0,True,<LOD,0.0,coho|DPPDQ|2025-05-08 11:20|0.0|3,
coho,DPPDQ,2025-05-08 11:20,0.5,1,8,0,0.0,True,<LOD,0.0,coho|DPPDQ|2025-05-08 11:20|0.5|1,0.0
coho,DPPDQ,2025-05-08 11:20,0.5,2,8,0,,False,,0.0,coho|DPPDQ|2025-05-08 11:20|0.5|2,
coho,DPPDQ,2025-05-08 11:20,0.5,3,8,0,,False,,0.0,coho|DPPDQ|2025-05-08 11:20|0.5|3,
coho,DPPDQ,2025-05-08 11:20,2.0,1,8,0,,False,,0.0,coho|DPPDQ|2025-05-08 11:20|2.0|1,
coho,DPPDQ,2025-05-08 11:20,2.0,2,8,0,,False,,0.0,coho|DPPDQ|2025-05-08 11:20|2.0|2,
coho,DPPDQ,2025-05-08 11:20,2.0,3,8,0,,False,,0.0,coho|DPPDQ|2025-05-08 11:20|2.0|3,
coho,DPPDQ,2025-05-08 11:20,10.0,1,8,0,,False,,0.0,coho|DPPDQ|2025-05-08 11:20|10.0|1,
coho,DPPDQ,2025-05-08 11:20,10.0,2,8,0,,False,,0.0,coho|DPPDQ|2025-05-08 11:20|10.0|2,
coho,DPPDQ,2025-05-08 11:20,10.0,3,8,0,,False,,0.0,coho|DPPDQ|2025-05-08 11:20|10.0|3,
coho,HPPDQ,2025-05-19 11:20,0.0,1,8,0,,False,,0.0,coho|HPPDQ|2025-05-19 11:20|0.0|1,
coho,HPPDQ,2025-05-19 11:20,0.0,2,8,0,,False,,0.0,coho|HPPDQ|2025-05-19 11:20|0.0|2,
coho,HPPDQ,2025-05-19 11:20,0.0,3,8,0,,False,,0.0,coho|HPPDQ|2025-05-19 11:20|0.0|3,
coho,HPPDQ,2025-05-19 11:20,0.5,1,8,0,,False,,0.0,coho|HPPDQ|2025-05-19 11:20|0.5|1,
coho,HPPDQ,2025-05-19 11:20,0.5,2,8,0,,False,,0.0,coho|HPPDQ|2025-05-19 11:20|0.5|2,
coho,HPPDQ,2025-05-19 11:20,0.5,3,8,0,,False,,0.0,coho|HPPDQ|2025-05-19 11:20|0.5|3,
coho,HPPDQ,2025-05-19 11:20,2.0,1,8,0,,False,,0.0,coho|HPPDQ|2025-05-19 11:20|2.0|1,
coho,HPPDQ,2025-05-19 11:20,2.0,2,8,0,,False,,0.0,coho|HPPDQ|2025-05-19 11:20|2.0|2,
coho,HPPDQ,2025-05-19 11:20,2.0,3,8,0,,False,,0.0,coho|HPPDQ|2025-05-19 11:20|2.0|3,
coho,HPPDQ,2025-05-19 11:20,4.0,1,8,0,,False,,0.0,coho|HPPDQ|2025-05-19 11:20|4.0|1,
coho,HPPDQ,2025-05-19 11:20,4.0,2,8,0,,False,,0.0,coho|HPPDQ|2025-05-19 11:20|4.0|2,
coho,HPPDQ,2025-05-19 11:20,4.0,3,8,0,,False,,0.0,coho|HPPDQ|2025-05-19 11:20|4.0|3,
coho,HPPDQ,2025-05-21 09:20,0.5,1,8,0,,False,,0.0,coho|HPPDQ|2025-05-21 09:20|0.5|1,
coho,HPPDQ,2025-05-21 09:20,0.5,2,8,0,,False,,0.0,coho|HPPDQ|2025-05-21 09:20|0.5|2,
coho,HPPDQ,2025-05-21 09:20,0.5,3,8,0,,False,,0.0,coho|HPPDQ|2025-05-21 09:20|0.5|3,
coho,HPPDQ,2025-05-21 09:20,2.0,1,8,0,,False,,0.0,coho|HPPDQ|2025-05-21 09:20|2.0|1,
coho,HPPDQ,2025-05-21 09:20,2.0,2,8,0,,False,,0.0,coho|HPPDQ|2025-05-21 09:20|2.0|2,
coho,HPPDQ,2025-05-21 09:20,2.0,3,8,0,,False,,0.0,coho|HPPDQ|2025-05-21 09:20|2.0|3,
coho,HPPDQ,2025-05-21 09:20,10.0,1,8,0,36.247,False,,0.0,coho|HPPDQ|2025-05-21 09:20|10.0|1,3.6247
coho,HPPDQ,2025-05-21 09:20,10.0,2,8,0,44.833,False,,0.0,coho|HPPDQ|2025-05-21 09:20|10.0|2,4.4833
coho,HPPDQ,2025-05-21 09:20,10.0,3,8,0,18.372,False,,0.0,coho|HPPDQ|2025-05-21 09:20|10.0|3,1.8372
coho,IPPDQ,2025-05-06 10:00,0.0,1,8,0,0.0,True,<LOD,0.0,coho|IPPDQ|2025-05-06 10:00|0.0|1,
coho,IPPDQ,2025-05-06 10:00,0.0,2,8,0,0.0,True,<LOD,0.0,coho|IPPDQ|2025-05-06 10:00|0.0|2,
coho,IPPDQ,2025-05-06 10:00,0.0,3,8,0,,False,,0.0,coho|IPPDQ|2025-05-06 10:00|0.0|3,
coho,IPPDQ,2025-05-06 10:00,0.1,1,8,0,,False,,0.0,coho|IPPDQ|2025-05-06 10:00|0.1|1,
coho,IPPDQ,2025-05-06 10:00,0.1,2,8,0,,False,,0.0,coho|IPPDQ|2025-05-06 10:00|0.1|2,
coho,IPPDQ,2025-05-06 10:00,0.1,3,8,0,,False,,0.0,coho|IPPDQ|2025-05-06 10:00|0.1|3,
coho,IPPDQ,2025-05-06 10:00,0.3,1,8,0,0.494,False,,0.0,coho|IPPDQ|2025-05-06 10:00|0.3|1,1.6466666666666667
coho,IPPDQ,2025-05-06 10:00,0.3,2,8,0,0.437,True,E,0.0,coho|IPPDQ|2025-05-06 10:00|0.3|2,1.4566666666666668
coho,IPPDQ,2025-05-06 10:00,0.3,3,8,0,,False,,0.0,coho|IPPDQ|2025-05-06 10:00|0.3|3,
coho,IPPDQ,2025-05-06 10:00,0.5,1,8,1,0.61,False,,0.125,coho|IPPDQ|2025-05-06 10:00|0.5|1,1.22
coho,IPPDQ,2025-05-06 10:00,0.5,2,8,1,0.457,False,,0.125,coho|IPPDQ|2025-05-06 10:00|0.5|2,0.914
coho,IPPDQ,2025-05-06 10:00,0.5,3,8,1,0.513,False,,0.125,coho|IPPDQ|2025-05-06 10:00|0.5|3,1.026
coho,IPPDQ,2025-05-06 10:00,0.75,1,8,5,0.661,False,,0.625,coho|IPPDQ|2025-05-06 10:00|0.75|1,0.8813333333333334
coho,IPPDQ,2025-05-06 10:00,0.75,2,8,1,0.809,False,,0.125,coho|IPPDQ|2025-05-06 10:00|0.75|2,1.0786666666666667
coho,IPPDQ,2025-05-06 10:00,0.75,3,8,5,,False,,0.625,coho|IPPDQ|2025-05-06 10:00|0.75|3,
coho,IPPDQ,2025-05-06 10:00,1.0,1,8,4,0.964,False,,0.5,coho|IPPDQ|2025-05-06 10:00|1.0|1,0.964
coho,IPPDQ,2025-05-06 10:00,1.0,2,8,6,1.06,False,,0.75,coho|IPPDQ|2025-05-06 10:00|1.0|2,1.06
coho,IPPDQ,2025-05-06 10:00,1.0,3,8,3,,False,,0.375,coho|IPPDQ|2025-05-06 10:00|1.0|3,
coho,IPPDQ,2025-05-06 10:00,1.5,1,8,8,1.304,False,,1.0,coho|IPPDQ|2025-05-06 10:00|1.5|1,0.8693333333333334
coho,IPPDQ,2025-05-06 10:00,1.5,2,8,7,1.388,False,,0.875,coho|IPPDQ|2025-05-06 10:00|1.5|2,0.9253333333333332
coho,IPPDQ,2025-05-06 10:00,1.5,3,8,7,,False,,0.875,coho|IPPDQ|2025-05-06 10:00|1.5|3,
coho,IPPDQ,2025-05-06 10:00,2.0,1,8,7,,False,,0.875,coho|IPPDQ|2025-05-06 10:00|2.0|1,
coho,IPPDQ,2025-05-06 10:00,2.0,2,8,7,,False,,0.875,coho|IPPDQ|2025-05-06 10:00|2.0|2,
coho,IPPDQ,2025-05-06 10:00,2.0,3,8,8,,False,,1.0,coho|IPPDQ|2025-05-06 10:00|2.0|3,
coho,IPPDQ,2025-05-08 10:55,0.4,1,8,0,0.383,False,,0.0,coho|IPPDQ|2025-05-08 10:55|0.4|1,0.9575
coho,IPPDQ,2025-05-08 10:55,0.4,2,8,0,0.456,True,E,0.0,coho|IPPDQ|2025-05-08 10:55|0.4|2,1.14
coho,IPPDQ,2025-05-08 10:55,0.4,3,8,0,,False,,0.0,coho|IPPDQ|2025-05-08 10:55|0.4|3,
coho,IPPDQ,2025-05-08 10:55,0.65,1,8,2,0.639,False,,0.25,coho|IPPDQ|2025-05-08 10:55|0.65|1,0.9830769230769231
coho,IPPDQ,2025-05-08 10:55,0.65,2,8,4,0.591,False,,0.5,coho|IPPDQ|2025-05-08 10:55|0.65|2,0.9092307692307692
coho,IPPDQ,2025-05-08 10:55,0.65,3,8,3,,False,,0.375,coho|IPPDQ|2025-05-08 10:55|0.65|3,
coho,IPPDQ,2025-05-08 10:55,0.9,1,8,4,0.764,False,,0.5,coho|IPPDQ|2025-05-08 10:55|0.9|1,0.8488888888888889
coho,IPPDQ,2025-05-08 10:55,0.9,2,8,5,0.67,False,,0.625,coho|IPPDQ|2025-05-08 10:55|0.9|2,0.7444444444444445
coho,IPPDQ,2025-05-08 10:55,0.9,3,8,3,,False,,0.375,coho|IPPDQ|2025-05-08 10:55|0.9|3,
coho,IPPDQ,2025-05-08 10:55,1.15,1,8,5,0.895,False,,0.625,coho|IPPDQ|2025-05-08 10:55|1.15|1,0.7782608695652175
coho,IPPDQ,2025-05-08 10:55,1.15,2,8,6,0.916,False,,0.75,coho|IPPDQ|2025-05-08 10:55|1.15|2,0.7965217391304349
coho,IPPDQ,2025-05-08 10:55,1.15,3,8,8,,False,,1.0,coho|IPPDQ|2025-05-08 10:55|1.15|3,
coho,IPPDQ,2025-05-08 10:55,1.4,1,8,7,1.086,False,,0.875,coho|IPPDQ|2025-05-08 10:55|1.4|1,0.7757142857142858
coho,IPPDQ,2025-05-08 10:55,1.4,2,8,6,1.222,False,,0.75,coho|IPPDQ|2025-05-08 10:55|1.4|2,0.8728571428571429
coho,IPPDQ,2025-05-08 10:55,1.4,3,8,5,,False,,0.625,coho|IPPDQ|2025-05-08 10:55|1.4|3,
coho,OPPDQ,2025-05-15 10:00,0.0,1,8,0,,False,,0.0,coho|OPPDQ|2025-05-15 10:00|0.0|1,
coho,OPPDQ,2025-05-15 10:00,0.0,2,8,0,,False,,0.0,coho|OPPDQ|2025-05-15 10:00|0.0|2,
coho,OPPDQ,2025-05-15 10:00,0.0,3,8,0,,False,,0.0,coho|OPPDQ|2025-05-15 10:00|0.0|3,
coho,OPPDQ,2025-05-15 10:00,0.5,1,8,0,,False,,0.0,coho|OPPDQ|2025-05-15 10:00|0.5|1,
coho,OPPDQ,2025-05-15 10:00,0.5,2,8,0,,False,,0.0,coho|OPPDQ|2025-05-15 10:00|0.5|2,
coho,OPPDQ,2025-05-15 10:00,0.5,3,8,0,,False,,0.0,coho|OPPDQ|2025-05-15 10:00|0.5|3,
coho,OPPDQ,2025-05-15 10:00,2.0,1,8,0,,False,,0.0,coho|OPPDQ|2025-05-15 10:00|2.0|1,
coho,OPPDQ,2025-05-15 10:00,2.0,2,8,0,,False,,0.0,coho|OPPDQ|2025-05-15 10:00|2.0|2,
coho,OPPDQ,2025-05-15 10:00,2.0,3,8,0,,False,,0.0,coho|OPPDQ|2025-05-15 10:00|2.0|3,
coho,OPPDQ,2025-05-15 10:00,10.0,1,8,0,23.987,False,,0.0,coho|OPPDQ|2025-05-15 10:00|10.0|1,2.3987
coho,OPPDQ,2025-05-15 10:00,10.0,2,8,0,125.851,False,,0.0,coho|OPPDQ|2025-05-15 10:00|10.0|2,12.5851
coho,OPPDQ,2025-05-15 10:00,10.0,3,8,0,274.486,False,,0.0,coho|OPPDQ|2025-05-15 10:00|10.0|3,27.4486
