antiozonant,cell_type,concentration,relative_rfu_t0,dates_n_t0,relative_rfu_t25,dates_n_t25,ozonated_minus_t0_relative_rfu,interpretation
6PPD,CHSE,0.1,0.9876401264504427,1,0.9865236050997146,2,-0.0011165213507281502,"Date-balanced descriptive contrast; ozone and batch are confounded; nominal parent mass, not product concentration"
6PPD,CHSE,1.0,0.9953832475663439,1,1.0536693707542137,2,0.058286123187869854,"Date-balanced descriptive contrast; ozone and batch are confounded; nominal parent mass, not product concentration"
6PPD,CHSE,10.0,0.976696920489156,1,1.0192955987325583,2,0.042598678243402244,"Date-balanced descriptive contrast; ozone and batch are confounded; nominal parent mass, not product concentration"
6PPD,CHSE,20.0,0.9861988713540981,1,0.9888383922416335,2,0.002639520887535385,"Date-balanced descriptive contrast; ozone and batch are confounded; nominal parent mass, not product concentration"
6PPD,CHSE,50.0,0.9811122873334929,1,0.9849870969892853,2,0.003874809655792455,"Date-balanced descriptive contrast; ozone and batch are confounded; nominal parent mass, not product concentration"
6PPD,CHSE,100.0,0.9852009224940311,1,1.0087369749040187,2,0.023536052409987573,"Date-balanced descriptive contrast; ozone and batch are confounded; nominal parent mass, not product concentration"
6PPD,CHSE,200.0,1.0354466718297368,1,0.9613640917730684,2,-0.07408258005666846,"Date-balanced descriptive contrast; ozone and batch are confounded; nominal parent mass, not product concentration"
6PPD,CHSE,400.0,1.1203267354804132,1,0.9551694560502073,2,-0.16515727943020586,"Date-balanced descriptive contrast; ozone and batch are confounded; nominal parent mass, not product concentration"
6PPD,CSE,0.1,1.004480216111082,1,0.9426969693647407,2,-0.06178324674634128,"Date-balanced descriptive contrast; ozone and batch are confounded; nominal parent mass, not product concentration"
6PPD,CSE,1.0,1.0448982812878533,1,1.023801024150568,2,-0.021097257137285386,"Date-balanced descriptive contrast; ozone and batch are confounded; nominal parent mass, not product concentration"
6PPD,CSE,10.0,1.0340748174350425,1,0.9463989312360799,2,-0.0876758861989626,"Date-balanced descriptive contrast; ozone and batch are confounded; nominal parent mass, not product concentration"
6PPD,CSE,20.0,1.0443408318894694,1,0.8757611101702873,2,-0.168579721719182,"Date-balanced descriptive contrast; ozone and batch are confounded; nominal parent mass, not product concentration"
6PPD,CSE,50.0,1.031693442343467,1,0.7218404620041605,2,-0.3098529803393064,"Date-balanced descriptive contrast; ozone and batch are confounded; nominal parent mass, not product concentration"
6PPD,CSE,100.0,1.0125687969825021,1,0.5962271884209511,2,-0.416341608561551,"Date-balanced descriptive contrast; ozone and batch are confounded; nominal parent mass, not product concentration"
6PPD,CSE,200.0,1.0247156293134907,1,0.53974388034372,2,-0.4849717489697707,"Date-balanced descriptive contrast; ozone and batch are confounded; nominal parent mass, not product concentration"
6PPD,CSE,400.0,1.0358667041674243,1,0.5276101236090527,2,-0.5082565805583716,"Date-balanced descriptive contrast; ozone and batch are confounded; nominal parent mass, not product concentration"
6PPD,RTG,0.1,0.9779847104529041,1,0.9562364757521943,1,-0.021748234700709856,"Date-balanced descriptive contrast; ozone and batch are confounded; nominal parent mass, not product concentration"
6PPD,RTG,1.0,0.9995455435454442,1,1.0041375949152342,1,0.004592051369790018,"Date-balanced descriptive contrast; ozone and batch are confounded; nominal parent mass, not product concentration"
6PPD,RTG,10.0,0.9717969868839805,1,0.9929482899559835,1,0.02115130307200297,"Date-balanced descriptive contrast; ozone and batch are confounded; nominal parent mass, not product concentration"
6PPD,RTG,20.0,0.8659813038276226,1,0.9820016372366639,1,0.11602033340904128,"Date-balanced descriptive contrast; ozone and batch are confounded; nominal parent mass, not product concentration"
6PPD,RTG,50.0,0.9280907272908062,1,0.9698260434352092,1,0.041735316144402956,"Date-balanced descriptive contrast; ozone and batch are confounded; nominal parent mass, not product concentration"
6PPD,RTG,100.0,0.9347490898623997,1,0.9568356840251253,1,0.022086594162725626,"Date-balanced descriptive contrast; ozone and batch are confounded; nominal parent mass, not product concentration"
6PPD,RTG,200.0,0.9254486577065985,1,0.9236578250427337,1,-0.0017908326638647054,"Date-balanced descriptive contrast; ozone and batch are confounded; nominal parent mass, not product concentration"
6PPD,RTG,400.0,0.9603436180121679,1,0.9077162510156668,1,-0.05262736699650117,"Date-balanced descriptive contrast; ozone and batch are confounded; nominal parent mass, not product concentration"
7PPD,CHSE,0.1,1.0041131671725962,1,0.9928744407050023,1,-0.01123872646759394,"Date-balanced descriptive contrast; ozone and batch are confounded; nominal parent mass, not product concentration"
7PPD,CHSE,1.0,1.0007491341534538,1,1.026499180257971,1,0.025750046104517255,"Date-balanced descriptive contrast; ozone and batch are confounded; nominal parent mass, not product concentration"
7PPD,CHSE,5.0,1.001092796123893,1,1.0552865238343312,1,0.05419372771043829,"Date-balanced descriptive contrast; ozone and batch are confounded; nominal parent mass, not product concentration"
7PPD,CHSE,10.0,1.0118182579111925,1,0.9676945901559091,1,-0.044123667755283424,"Date-balanced descriptive contrast; ozone and batch are confounded; nominal parent mass, not product concentration"
7PPD,CHSE,20.0,1.055991537900416,1,0.9370083547498637,1,-0.11898318315055245,"Date-balanced descriptive contrast; ozone and batch are confounded; nominal parent mass, not product concentration"
7PPD,CHSE,50.0,1.0517740662223503,1,0.9057381168712764,1,-0.1460359493510739,"Date-balanced descriptive contrast; ozone and batch are confounded; nominal parent mass, not product concentration"
7PPD,CHSE,100.0,1.054480103013119,1,0.9843706744546112,1,-0.07010942855850777,"Date-balanced descriptive contrast; ozone and batch are confounded; nominal parent mass, not product concentration"
7PPD,CHSE,200.0,1.0530289930855856,1,0.9118719811599654,1,-0.14115701192562025,"Date-balanced descriptive contrast; ozone and batch are confounded; nominal parent mass, not product concentration"
7PPD,CHSE,400.0,0.8970083779477375,1,0.7882425253903926,1,-0.10876585255734483,"Date-balanced descriptive contrast; ozone and batch are confounded; nominal parent mass, not product concentration"
7PPD,CSE,0.1,1.010951763350098,1,0.9897894015046139,1,-0.021162361845484035,"Date-balanced descriptive contrast; ozone and batch are confounded; nominal parent mass, not product concentration"
7PPD,CSE,1.0,0.9813985952217429,1,0.984807205777827,1,0.003408610556084102,"Date-balanced descriptive contrast; ozone and batch are confounded; nominal parent mass, not product concentration"
7PPD,CSE,5.0,0.9982317124962736,1,0.9990342443222212,1,0.0008025318259475833,"Date-balanced descriptive contrast; ozone and batch are confounded; nominal parent mass, not product concentration"
7PPD,CSE,10.0,0.9894648445445378,1,0.9863404127580466,1,-0.003124431786491133,"Date-balanced descriptive contrast; ozone and batch are confounded; nominal parent mass, not product concentration"
7PPD,CSE,20.0,1.0255081031502873,1,0.9227847585500095,1,-0.10272334460027777,"Date-balanced descriptive contrast; ozone and batch are confounded; nominal parent mass, not product concentration"
7PPD,CSE,50.0,0.9805547114713734,1,0.8519629962058718,1,-0.12859171526550162,"Date-balanced descriptive contrast; ozone and batch are confounded; nominal parent mass, not product concentration"
7PPD,CSE,100.0,0.9404581204441625,1,0.8376340322190566,1,-0.10282408822510591,"Date-balanced descriptive contrast; ozone and batch are confounded; nominal parent mass, not product concentration"
7PPD,CSE,200.0,0.8658074646137277,1,0.8193974171546745,1,-0.046410047459053194,"Date-balanced descriptive contrast; ozone and batch are confounded; nominal parent mass, not product concentration"
7PPD,CSE,400.0,0.7706999161434182,1,0.672775319809103,1,-0.09792459633431516,"Date-balanced descriptive contrast; ozone and batch are confounded; nominal parent mass, not product concentration"
7PPD,RTG,0.1,0.9960576984856466,1,1.0176427257814458,1,0.021585027295799142,"Date-balanced descriptive contrast; ozone and batch are confounded; nominal parent mass, not product concentration"
7PPD,RTG,1.0,1.0044878713576513,1,1.023795825602394,1,0.019307954244742742,"Date-balanced descriptive contrast; ozone and batch are confounded; nominal parent mass, not product concentration"
7PPD,RTG,5.0,0.9866357794402697,1,1.0160239053166333,1,0.029388125876363635,"Date-balanced descriptive contrast; ozone and batch are confounded; nominal parent mass, not product concentration"
7PPD,RTG,10.0,0.9800564536943882,1,1.019653371857456,1,0.039596918163067873,"Date-balanced descriptive contrast; ozone and batch are confounded; nominal parent mass, not product concentration"
7PPD,RTG,20.0,0.9896218528906361,1,0.9756460138252735,1,-0.013975839065362594,"Date-balanced descriptive contrast; ozone and batch are confounded; nominal parent mass, not product concentration"
7PPD,RTG,50.0,0.9718484431066893,1,0.9600529824289074,1,-0.011795460677781922,"Date-balanced descriptive contrast; ozone and batch are confounded; nominal parent mass, not product concentration"
7PPD,RTG,100.0,0.9346834665415846,1,0.9561091604811258,1,0.02142569393954119,"Date-balanced descriptive contrast; ozone and batch are confounded; nominal parent mass, not product concentration"
7PPD,RTG,200.0,0.893295340064438,1,0.9397312707931306,1,0.046435930728692565,"Date-balanced descriptive contrast; ozone and batch are confounded; nominal parent mass, not product concentration"
7PPD,RTG,400.0,0.8619585569982909,1,0.8344390525344298,1,-0.02751950446386109,"Date-balanced descriptive contrast; ozone and batch are confounded; nominal parent mass, not product concentration"
IPPD,CHSE,0.1,1.0060247206664288,1,0.9806578053041909,1,-0.025366915362237896,"Date-balanced descriptive contrast; ozone and batch are confounded; nominal parent mass, not product concentration"
IPPD,CHSE,1.0,1.0080166210973358,1,0.9843060471264445,1,-0.02371057397089127,"Date-balanced descriptive contrast; ozone and batch are confounded; nominal parent mass, not product concentration"
IPPD,CHSE,5.0,0.998416818811309,1,1.0002329885052035,1,0.0018161696938945315,"Date-balanced descriptive contrast; ozone and batch are confounded; nominal parent mass, not product concentration"
IPPD,CHSE,10.0,0.9838763525633787,1,1.0316609976797828,1,0.04778464511640412,"Date-balanced descriptive contrast; ozone and batch are confounded; nominal parent mass, not product concentration"
IPPD,CHSE,20.0,0.9808162649468526,1,1.0474694967309794,1,0.06665323178412685,"Date-balanced descriptive contrast; ozone and batch are confounded; nominal parent mass, not product concentration"
IPPD,CHSE,50.0,1.0054587568966062,1,0.9842101743888528,1,-0.02124858250775341,"Date-balanced descriptive contrast; ozone and batch are confounded; nominal parent mass, not product concentration"
IPPD,CHSE,100.0,0.9911685242266447,1,1.0062331070894717,1,0.01506458286282697,"Date-balanced descriptive contrast; ozone and batch are confounded; nominal parent mass, not product concentration"
IPPD,CHSE,200.0,0.9937286850080456,1,1.0157697965239574,1,0.022041111515911815,"Date-balanced descriptive contrast; ozone and batch are confounded; nominal parent mass, not product concentration"
IPPD,CHSE,400.0,1.0261472367534414,1,1.017880688164743,1,-0.008266548588698353,"Date-balanced descriptive contrast; ozone and batch are confounded; nominal parent mass, not product concentration"
IPPD,CSE,0.1,1.0076833941583616,1,0.9645388153778348,1,-0.0431445787805268,"Date-balanced descriptive contrast; ozone and batch are confounded; nominal parent mass, not product concentration"
IPPD,CSE,1.0,0.9891571065800286,1,0.9670256986817382,1,-0.02213140789829049,"Date-balanced descriptive contrast; ozone and batch are confounded; nominal parent mass, not product concentration"
IPPD,CSE,5.0,0.9841855037341853,1,0.9519370603252293,1,-0.03224844340895605,"Date-balanced descriptive contrast; ozone and batch are confounded; nominal parent mass, not product concentration"
IPPD,CSE,10.0,0.9896681122182698,1,0.9189687827531889,1,-0.07069932946508084,"Date-balanced descriptive contrast; ozone and batch are confounded; nominal parent mass, not product concentration"
IPPD,CSE,20.0,0.9816189491595875,1,0.9224453025940607,1,-0.059173646565526816,"Date-balanced descriptive contrast; ozone and batch are confounded; nominal parent mass, not product concentration"
IPPD,CSE,50.0,0.9778422511062481,1,0.8619548850092906,1,-0.11588736609695749,"Date-balanced descriptive contrast; ozone and batch are confounded; nominal parent mass, not product concentration"
IPPD,CSE,100.0,0.9802713946041013,1,0.8808417226729142,1,-0.09942967193118712,"Date-balanced descriptive contrast; ozone and batch are confounded; nominal parent mass, not product concentration"
IPPD,CSE,200.0,0.9376149056978734,1,0.8707183454642949,1,-0.06689656023357848,"Date-balanced descriptive contrast; ozone and batch are confounded; nominal parent mass, not product concentration"
IPPD,CSE,400.0,0.972538487159565,1,0.822682927151584,1,-0.14985556000798106,"Date-balanced descriptive contrast; ozone and batch are confounded; nominal parent mass, not product concentration"
IPPD,RTG,0.1,1.0003086214639563,1,0.9907995379362702,1,-0.00950908352768609,"Date-balanced descriptive contrast; ozone and batch are confounded; nominal parent mass, not product concentration"
IPPD,RTG,1.0,1.0146390482326464,1,1.0114997840804676,1,-0.0031392641521788,"Date-balanced descriptive contrast; ozone and batch are confounded; nominal parent mass, not product concentration"
IPPD,RTG,5.0,1.0091974732028781,1,0.9968870295123677,1,-0.012310443690510375,"Date-balanced descriptive contrast; ozone and batch are confounded; nominal parent mass, not product concentration"
IPPD,RTG,10.0,1.0012602330901308,1,0.989281875167451,1,-0.011978357922679761,"Date-balanced descriptive contrast; ozone and batch are confounded; nominal parent mass, not product concentration"
IPPD,RTG,20.0,0.9997140162571257,1,0.9701163483651047,1,-0.029597667892021007,"Date-balanced descriptive contrast; ozone and batch are confounded; nominal parent mass, not product concentration"
IPPD,RTG,50.0,1.0090552114453224,1,0.9787527242681774,1,-0.03030248717714501,"Date-balanced descriptive contrast; ozone and batch are confounded; nominal parent mass, not product concentration"
IPPD,RTG,100.0,0.9552271869764182,1,0.9682612075115387,1,0.013034020535120483,"Date-balanced descriptive contrast; ozone and batch are confounded; nominal parent mass, not product concentration"
IPPD,RTG,200.0,0.9505446652390034,1,0.9688693745195137,1,0.018324709280510332,"Date-balanced descriptive contrast; ozone and batch are confounded; nominal parent mass, not product concentration"
IPPD,RTG,400.0,0.9060607542485778,1,0.9428272397784995,1,0.03676648552992168,"Date-balanced descriptive contrast; ozone and batch are confounded; nominal parent mass, not product concentration"
